direction,asset,open_time,open_price,label,expiration,trade_amount,hour,weekday,is_weekend,source
SELL,EURUSD,2020-07-22,1.15357,1,S60,0.01,0,2,0,forex
BUY,USDCHF,2020-07-22,0.93246,0,S60,0.01,0,2,0,forex
SELL,EURUSD,2020-07-22,1.15879,1,S60,0.01,0,2,0,forex
SELL,EURUSD,2020-07-22,1.15934,1,S60,0.01,0,2,0,forex
BUY,EURUSD,2020-07-22,1.15882,1,S60,0.01,0,2,0,forex
SELL,EURUSD,2020-07-22,1.15872,1,S60,0.01,0,2,0,forex
SELL,GBPUSD,2020-07-22,1.27381,1,S60,0.01,0,2,0,forex
SELL,EURUSD,2020-07-22,1.15713,1,S60,0.01,0,2,0,forex
SELL,GBPUSD,2020-07-23,1.27369,1,S60,0.01,0,3,0,forex
BUY,GBPAUD,2020-07-23,1.78711,1,S60,0.01,0,3,0,forex
SELL,EURUSD,2020-07-23,1.15847,1,S60,0.01,0,3,0,forex
SELL,USDJPY,2020-07-23,107.007,1,S60,0.01,0,3,0,forex
SELL,EURUSD,2020-07-23,1.16187,1,S60,0.01,0,3,0,forex
BUY,USDJPY,2020-07-23,106.821,1,S60,0.01,0,3,0,forex
SELL,USDJPY,2020-07-23,106.83,1,S60,0.01,0,3,0,forex
SELL,EURUSD,2020-07-23,1.16035,1,S60,0.01,0,3,0,forex
BUY,USDJPY,2020-07-23,106.777,1,S60,0.01,0,3,0,forex
BUY,EURUSD,2020-07-23,1.15932,1,S60,0.01,0,3,0,forex
SELL,USDJPY,2020-07-24,106.841,1,S60,0.01,0,4,0,forex
SELL,EURUSD,2020-07-24,1.1602,1,S60,0.01,0,4,0,forex
BUY,USDJPY,2020-07-24,106.512,1,S60,0.01,0,4,0,forex
SELL,EURUSD,2020-07-24,1.1614,1,S60,0.01,0,4,0,forex
SELL,EURUSD,2020-07-24,1.16139,1,S60,0.01,0,4,0,forex
SELL,EURUSD,2020-07-24,1.16159,1,S60,0.01,0,4,0,forex
SELL,GBPUSD,2020-07-27,1.28689,1,S60,0.01,0,0,0,forex
BUY,USDJPY,2020-07-27,105.24,1,S60,0.01,0,0,0,forex
SELL,USDCHF,2020-07-27,0.91966,1,S60,0.01,0,0,0,forex
SELL,USDJPY,2020-07-27,105.115,0,S60,0.02,0,0,0,forex
SELL,GBPAUD,2020-07-27,1.80499,1,S60,0.01,0,0,0,forex
BUY,USDJPY,2020-07-27,105.361,1,S60,0.01,0,0,0,forex
SELL,GBPUSD,2020-07-27,1.28721,1,S60,0.02,0,0,0,forex
SELL,USDJPY,2020-07-28,105.355,1,S60,0.03,0,1,0,forex
SELL,GBPJPY,2020-07-28,135.688,1,S60,0.03,0,1,0,forex
SELL,GBPJPY,2020-07-28,135.688,1,S60,0.03,0,1,0,forex
SELL,USDJPY,2020-07-28,105.318,1,S60,0.01,0,1,0,forex
BUY,GBPJPY,2020-07-28,135.684,0,S60,0.03,0,1,0,forex
BUY,GBPJPY,2020-07-28,135.728,1,S60,0.01,0,1,0,forex
SELL,GBPJPY,2020-07-28,135.736,0,S60,0.01,0,1,0,forex
BUY,GBPJPY,2020-07-28,136.108,0,S60,0.01,0,1,0,forex
SELL,GBPJPY,2020-07-28,136.068,1,S60,0.01,0,1,0,forex
SELL,EURUSD,2020-07-28,1.17231,1,S60,0.01,0,1,0,forex
BUY,USDCHF,2020-07-28,0.91742,1,S60,0.01,0,1,0,forex
SELL,GBPUSD,2020-07-28,1.29439,1,S60,0.01,0,1,0,forex
SELL,GBPJPY,2020-07-28,135.94,1,S60,0.01,0,1,0,forex
SELL,GBPUSD,2020-07-28,1.29354,1,S60,0.01,0,1,0,forex
SELL,EURUSD,2020-07-29,1.17203,1,S60,0.01,0,2,0,forex
SELL,EURUSD,2020-07-29,1.17744,1,S60,0.01,0,2,0,forex
BUY,USDJPY,2020-07-29,105.003,1,S60,0.01,0,2,0,forex
BUY,USDCHF,2020-07-29,0.91363,1,S60,0.01,0,2,0,forex
BUY,CADJPY,2020-07-29,78.528,1,S60,0.01,0,2,0,forex
SELL,CADJPY,2020-07-29,78.491,0,S60,0.01,0,2,0,forex
SELL,USDJPY,2020-07-29,104.974,1,S60,0.01,0,2,0,forex
BUY,USDJPY,2020-07-29,105.019,1,S60,0.01,0,2,0,forex
BUY,CADJPY,2020-07-29,78.71,1,S60,0.01,0,2,0,forex
BUY,USDCHF,2020-07-30,0.91233,1,S60,0.01,0,3,0,forex
SELL,USDJPY,2020-07-30,105.002,0,S60,0.01,0,3,0,forex
BUY,EURUSD,2020-07-30,1.17874,0,S60,0.01,0,3,0,forex
SELL,USDCHF,2020-07-30,0.91243,0,S60,0.01,0,3,0,forex
BUY,GBPUSD,2020-07-30,1.29832,1,S60,0.01,0,3,0,forex
SELL,GBPCHF,2020-07-30,1.19004,1,S60,0.01,0,3,0,forex
SELL,GBPUSD,2020-07-30,1.30339,0,S60,0.01,0,3,0,forex
BUY,GBPUSD,2020-07-30,1.30545,1,S60,0.01,0,3,0,forex
SELL,GBPUSD,2020-07-30,1.30459,1,S60,0.01,0,3,0,forex
BUY,USDCAD,2020-07-30,1.34535,1,S60,0.01,0,3,0,forex
SELL,USDCAD,2020-07-30,1.34415,1,S60,0.01,0,3,0,forex
BUY,USDCAD,2020-07-30,1.34473,1,S60,0.01,0,3,0,forex
BUY,USDCAD,2020-07-30,1.34496,0,S60,0.01,0,3,0,forex
SELL,USDCAD,2020-07-30,1.34245,1,S60,0.01,0,3,0,forex
SELL,USDCAD,2020-07-30,1.34207,1,S60,0.01,0,3,0,forex
BUY,EURUSD,2020-08-07,1.17586,1,S60,0.01,0,4,0,forex
BUY,EURCAD,2020-08-12,1.56333,0,S60,0.01,0,2,0,forex
SELL,EURCAD,2020-08-12,1.56272,0,S60,0.01,0,2,0,forex
SELL,EURUSD,2020-08-12,1.17236,1,S60,0.01,0,2,0,forex
SELL,GBPUSD,2020-08-13,1.30574,0,S60,0.01,0,3,0,forex
SELL,USDJPY,2020-08-13,106.679,1,S60,0.01,0,3,0,forex
BUY,GBPUSD,2020-08-13,1.30689,1,S60,0.01,0,3,0,forex
BUY,EURUSD,2020-08-13,1.18162,0,S60,0.01,0,3,0,forex
SELL,EURUSD,2020-08-17,1.18479,1,S60,0.01,0,0,0,forex
SELL,EURUSD,2020-08-17,1.18458,1,S60,0.01,0,0,0,forex
SELL,GBPCHF,2020-08-17,1.18808,0,S60,0.01,0,0,0,forex
SELL,EURUSD,2020-08-31,1.19113,1,S60,0.01,0,0,0,forex
SELL,GBPUSD,2020-08-31,1.33509,1,S60,0.01,0,0,0,forex
SELL,EURUSD,2020-08-31,1.19545,1,S60,0.01,0,0,0,forex
SELL,GBPUSD,2020-08-31,1.33772,1,S60,0.01,0,0,0,forex
SELL,GBPUSD,2020-09-01,1.34756,1,S60,0.01,0,1,0,forex
BUY,GBPUSD,2020-09-01,1.34559,1,S60,0.01,0,1,0,forex
BUY,GBPUSD,2020-09-01,1.34122,1,S60,0.01,0,1,0,forex
BUY,GBPUSD,2020-09-01,1.34205,0,S60,0.01,0,1,0,forex
SELL,EURUSD,2020-09-10,1.18935,1,S60,0.01,0,3,0,forex
BUY,EURUSD,2020-09-10,1.1823,1,S60,0.01,0,3,0,forex
BUY,EURUSD,2020-09-11,1.18176,1,S60,0.01,0,4,0,forex
BUY,GBPUSD,2020-09-11,1.28029,1,S60,0.01,0,4,0,forex
BUY,USDCHF,2020-09-14,0.90691,1,S60,0.01,0,0,0,forex
SELL,EURUSD,2020-09-14,1.18756,1,S60,0.01,0,0,0,forex
SELL,EURUSD,2020-09-16,1.18741,1,S60,0.02,0,2,0,forex
SELL,GBPUSD,2020-09-16,1.29876,1,S60,0.02,0,2,0,forex
SELL,GBPUSD,2020-09-16,1.29812,1,S60,0.02,0,2,0,forex
BUY,GBPUSD,2020-09-16,1.29654,1,S60,0.02,0,2,0,forex
SELL,GBPUSD,2020-09-16,1.29836,1,S60,0.02,0,2,0,forex
BUY,GBPUSD,2020-09-16,1.29777,1,S60,0.02,0,2,0,forex
BUY,GBPUSD,2020-09-16,1.29825,1,S60,0.02,0,2,0,forex
BUY,GBPUSD,2020-09-16,1.29677,1,S60,0.02,0,2,0,forex
BUY,GBPUSD,2020-09-16,1.29571,1,S60,0.02,0,2,0,forex
SELL,GBPUSD,2020-09-16,1.29641,1,S60,0.03,0,2,0,forex
BUY,GBPUSD,2020-09-16,1.29604,1,S60,0.03,0,2,0,forex
BUY,GBPUSD,2020-09-17,1.29496,1,S60,0.03,0,3,0,forex
BUY,GBPUSD,2020-09-17,1.29171,1,S60,0.03,0,3,0,forex
SELL,GBPUSD,2020-09-17,1.29835,1,S60,0.03,0,3,0,forex
BUY,GBPUSD,2020-09-17,1.2957,1,S60,0.03,0,3,0,forex
SELL,GBPUSD,2020-09-17,1.29582,1,S60,0.03,0,3,0,forex
BUY,GBPUSD,2020-09-17,1.29501,1,S60,0.03,0,3,0,forex
BUY,GBPUSD,2020-09-17,1.29601,1,S60,0.03,0,3,0,forex
SELL,EURUSD,2020-09-18,1.18458,1,S60,0.03,0,4,0,forex
SELL,GBPUSD,2020-09-18,1.29863,1,S60,0.03,0,4,0,forex
BUY,GBPUSD,2020-09-18,1.29732,1,S60,0.04,0,4,0,forex
SELL,GBPUSD,2020-09-18,1.29548,1,S60,0.05,0,4,0,forex
SELL,GBPUSD,2020-09-18,1.29759,1,S60,0.03,0,4,0,forex
SELL,GBPUSD,2020-09-18,1.29514,1,S60,0.04,0,4,0,forex
SELL,GBPUSD,2020-09-18,1.29633,1,S60,0.04,0,4,0,forex
SELL,EURUSD,2020-09-18,1.1865,1,S60,0.03,0,4,0,forex
SELL,EURUSD,2020-09-18,1.18631,1,S60,0.04,0,4,0,forex
BUY,GBPUSD,2020-09-18,1.29441,1,S60,0.04,0,4,0,forex
BUY,EURUSD,2020-09-21,1.18562,1,S60,0.04,0,0,0,forex
SELL,GBPUSD,2020-09-21,1.28237,1,S60,0.04,0,0,0,forex
BUY,USDCHF,2020-09-22,0.91585,1,S60,0.01,0,1,0,forex
SELL,GBPUSD,2020-09-28,1.29081,1,S60,0.03,0,0,0,forex
SELL,EURUSD,2020-09-30,1.17461,1,S60,0.03,0,2,0,forex
SELL,GBPUSD,2020-09-30,1.29244,1,S60,0.03,0,2,0,forex
BUY,GBPUSD,2020-10-01,1.28862,1,S60,0.03,0,3,0,forex
SELL,GBPUSD,2020-10-01,1.28901,1,S60,0.04,0,3,0,forex
SELL,EURUSD,2020-10-02,1.17148,1,S60,0.03,0,4,0,forex
SELL,GBPUSD,2020-10-02,1.29061,1,S60,0.03,0,4,0,forex
SELL,GBPUSD,2020-10-02,1.29344,1,S60,0.04,0,4,0,forex
SELL,GBPUSD,2020-10-02,1.29264,1,S60,0.04,0,4,0,forex
SELL,EURUSD,2020-10-05,1.17887,1,S60,0.05,0,0,0,forex
SELL,GBPUSD,2020-10-06,1.29648,1,S60,0.05,0,1,0,forex
SELL,GBPUSD,2020-10-06,1.29558,1,S60,0.05,0,1,0,forex
SELL,EURUSD,2020-10-06,1.17792,1,S60,0.05,0,1,0,forex
SELL,GBPUSD,2020-10-07,1.2876,0,S60,0.06,0,2,0,forex
SELL,EURUSD,2020-10-07,1.1772,1,S60,0.06,0,2,0,forex
SELL,EURUSD,2020-10-07,1.17649,1,S60,0.06,0,2,0,forex
SELL,USDJPY,2020-10-09,106.015,1,S60,0.07,0,4,0,forex
SELL,GBPUSD,2020-10-16,1.29257,1,S60,0.08,0,4,0,forex
SELL,GBPUSD,2020-10-19,1.29934,1,S60,0.08,0,0,0,forex
SELL,EURUSD,2020-10-26,1.18406,1,S60,0.1,0,0,0,forex
SELL,EURUSD,2020-10-26,1.18051,0,S60,0.1,0,0,0,forex
BUY,EURUSD,2020-10-26,1.18165,1,S60,0.1,0,0,0,forex
SELL,EURUSD,2020-10-26,1.18215,1,S60,0.12,0,0,0,forex
BUY,GBPUSD,2020-10-26,1.29996,1,S60,0.12,0,0,0,forex
BUY,GBPUSD,2020-10-26,1.30096,1,S60,0.12,0,0,0,forex
BUY,GBPUSD,2020-10-28,1.29446,1,S60,0.1,0,2,0,forex
BUY,GBPUSD,2020-10-28,1.29907,1,S60,0.1,0,2,0,forex
SELL,GBPUSD,2020-11-04,1.31233,1,S60,0.1,0,2,0,forex
SELL,EURUSD,2020-11-04,1.17331,1,S60,0.1,0,2,0,forex
BUY,GBPUSD,2020-11-05,1.296,1,S60,0.1,0,3,0,forex
SELL,GBPUSD,2020-11-10,1.32571,1,S60,0.02,0,1,0,forex
SELL,USDJPY,2020-11-11,105.522,0,S60,0.02,0,2,0,forex
BUY,TESLA,2020-11-13,406.28,1,S60,1.0,0,4,0,forex
SELL,GBPUSD,2020-11-16,1.32247,1,S60,0.03,0,0,0,forex
SELL,GBPUSD,2020-11-17,1.32652,1,S60,0.04,0,1,0,forex
SELL,EURUSD,2020-11-18,1.18545,0,S60,0.04,0,2,0,forex
BUY,GBPUSD,2020-11-18,1.32811,0,S60,0.04,0,2,0,forex
SELL,EURUSD,2020-11-19,1.18466,1,S60,0.05,0,3,0,forex
SELL,EURGBP,2020-11-19,0.89456,1,S60,0.05,0,3,0,forex
SELL,GBPUSD,2020-11-19,1.32412,0,S60,0.05,0,3,0,forex
SELL,GBPUSD,2020-11-19,1.32413,1,S60,0.05,0,3,0,forex
SELL,EURGBP,2020-11-19,0.8957,1,S60,0.05,0,3,0,forex
BUY,EURUSD,2020-11-19,1.18261,1,S60,0.05,0,3,0,forex
SELL,GBPUSD,2020-11-23,1.33062,1,S60,0.05,0,0,0,forex
SELL,USDCHF,2020-11-23,0.91342,1,S60,0.05,0,0,0,forex
BUY,GBPUSD,2020-11-24,1.33363,0,S60,0.05,0,1,0,forex
SELL,GBPUSD,2020-11-24,1.33275,1,S60,0.05,0,1,0,forex
SELL,EURUSD,2020-11-25,1.18964,1,S60,0.06,0,2,0,forex
BUY,USDCHF,2020-11-25,0.90949,1,S60,0.06,0,2,0,forex
SELL,EURGBP,2020-11-26,0.89301,1,S60,0.07,0,3,0,forex
SELL,GBPUSD,2020-11-27,1.33727,1,S60,0.06,0,4,0,forex
SELL,EURGBP,2020-11-27,0.89468,1,S60,0.06,0,4,0,forex
SELL,EURJPY,2020-11-27,124.323,1,S60,0.06,0,4,0,forex
SELL,EURGBP,2020-11-27,0.89849,1,S60,0.06,0,4,0,forex
SELL,EURUSD,2020-11-30,1.19702,0,S60,0.06,0,0,0,forex
BUY,GBPUSD,2020-11-30,1.33299,1,S60,0.06,0,0,0,forex
BUY,EURGBP,2020-11-30,0.89645,0,S60,0.06,0,0,0,forex
SELL,EURUSD,2020-11-30,1.19596,1,S60,0.06,0,0,0,forex
BUY,EURUSD,2020-12-01,1.19321,1,S60,0.06,0,1,0,forex
SELL,EURJPY,2020-12-01,124.913,1,S60,0.07,0,1,0,forex
BUY,GBPUSD,2020-12-01,1.33332,1,S60,0.07,0,1,0,forex
SELL,EURGBP,2020-12-21,0.91269,0,S60,0.07,0,0,0,forex
SELL,USDCHF,2020-12-21,0.89113,1,S60,0.07,0,0,0,forex
BUY,GBPUSD,2020-12-21,1.32754,1,S60,0.07,0,0,0,forex
BUY,GBPUSD,2020-12-21,1.33258,0,S60,0.07,0,0,0,forex
SELL,USDCHF,2020-12-23,0.89017,1,S60,0.07,0,2,0,forex
BUY,EURUSD,2020-12-23,1.21689,1,S60,0.07,0,2,0,forex
SELL,GBPUSD,2020-12-23,1.35239,0,S60,0.07,0,2,0,forex
SELL,GBPUSD,2020-12-23,1.35282,1,S60,0.07,0,2,0,forex
BUY,EURUSD,2020-12-23,1.21776,1,S60,0.07,0,2,0,forex
SELL,GBPUSD,2020-12-24,1.36159,1,S60,0.07,0,3,0,forex
SELL,GBPUSD,2020-12-24,1.35421,1,S60,0.07,0,3,0,forex
SELL,GBPUSD,2020-12-24,1.35321,0,S60,0.07,0,3,0,forex
BUY,EURGBP,2020-12-28,0.90075,1,S60,0.07,0,0,0,forex
BUY,USDCHF,2020-12-28,0.88862,1,S60,0.07,0,0,0,forex
SELL,EURGBP,2020-12-29,0.90708,1,S60,0.07,0,1,0,forex
SELL,USDCHF,2020-12-29,0.88642,1,S60,0.07,0,1,0,forex
SELL,EURUSD,2020-12-29,1.22526,1,S60,0.07,0,1,0,forex
SELL,EURJPY,2020-12-29,127.025,1,S60,0.07,0,1,0,forex
BUY,USDCHF,2020-12-29,0.88426,1,S60,0.07,0,1,0,forex
BUY,EURJPY,2021-01-04,126.491,0,S60,0.1,0,0,0,forex
SELL,EURUSD,2021-01-04,1.22972,1,S60,0.1,0,0,0,forex
SELL,EURGBP,2021-01-05,0.90314,0,S60,0.01,0,1,0,forex
SELL,EURUSD,2021-01-05,1.2282,1,S60,0.02,0,1,0,forex
SELL,GBPCAD,2021-01-05,1.73323,1,S60,0.07,0,1,0,forex
BUY,GBPCAD,2021-01-06,1.72685,1,S60,0.05,0,2,0,forex
SELL,NZDUSD,2021-01-06,0.73022,1,S60,0.04,0,2,0,forex
SELL,USDCHF,2021-01-06,0.88128,1,S60,0.1,0,2,0,forex
SELL,EURGBP,2021-01-07,0.90697,1,S60,0.05,0,3,0,forex
BUY,EURUSD,2021-01-07,1.2264,1,S60,0.05,0,3,0,forex
BUY,EURGBP,2021-01-08,0.90093,1,S60,0.1,0,4,0,forex
BUY,GBPUSD,2021-01-08,1.35637,1,S60,0.05,0,4,0,forex
BUY,XAGUSD,2021-01-08,24.686,0,S60,0.05,0,4,0,forex
BUY,XAGUSD,2021-01-08,24.81,1,S60,0.01,0,4,0,forex
BUY,EURUSD,2021-01-08,1.22001,1,S60,0.1,0,4,0,forex
BUY,XAGUSD,2021-01-08,25.095,1,S60,0.01,0,4,0,forex
SELL,USDCHF,2021-01-08,0.88683,1,S60,0.05,0,4,0,forex
SELL,USDCAD,2021-01-11,1.27819,0,S60,0.1,0,0,0,forex
SELL,USDCAD,2021-01-11,1.28262,1,S60,0.1,0,0,0,forex
BUY,XAUUSD,2021-01-15,1826.79,1,S60,0.01,0,4,0,forex
BUY,NZDUSD,2021-01-19,0.71221,1,S60,0.1,0,1,0,forex
SELL,XAGUSD,2021-01-19,25.204,1,S60,0.01,0,1,0,forex
BUY,NZDUSD,2021-01-19,0.71407,0,S60,0.1,0,1,0,forex
SELL,EURUSD,2021-01-19,1.21253,1,S60,0.1,0,1,0,forex
SELL,GBPUSD,2021-01-20,1.36986,1,S60,0.05,0,2,0,forex
SELL,USDCHF,2021-01-20,0.89147,1,S60,0.05,0,2,0,forex
BUY,GBPCAD,2021-01-20,1.72516,0,S60,0.06,0,2,0,forex
SELL,GBPUSD,2021-01-20,1.36593,1,S60,0.06,0,2,0,forex
SELL,EURUSD,2021-01-21,1.21439,0,S60,0.07,0,3,0,forex
SELL,NZDUSD,2021-01-21,0.72178,1,S60,0.04,0,3,0,forex
SELL,NZDUSD,2021-01-21,0.7206,0,S60,0.1,0,3,0,forex
SELL,NZDUSD,2021-01-22,0.72161,1,S60,0.1,0,4,0,forex
SELL,USDCAD,2021-01-22,1.26975,1,S60,0.2,0,4,0,forex
BUY,XAUUSD,2021-01-22,1845.09,0,S60,0.05,0,4,0,forex
SELL,EURGBP,2021-01-22,0.89108,1,S60,0.15,0,4,0,forex
SELL,GBPCAD,2021-01-22,1.74218,1,S60,0.15,0,4,0,forex
SELL,USDCAD,2021-01-25,1.2717,1,S60,0.1,0,0,0,forex
SELL,EURUSD,2021-01-25,1.21516,1,S60,0.15,0,0,0,forex
SELL,USDCAD,2021-01-25,1.27314,0,S60,0.15,0,0,0,forex
SELL,USDCAD,2021-01-25,1.27665,1,S60,0.15,0,0,0,forex
SELL,GBPCAD,2021-01-26,1.745,1,S60,0.15,0,1,0,forex
SELL,GBPUSD,2021-01-27,1.37344,1,S60,0.16,0,2,0,forex
SELL,GBPUSD,2021-01-27,1.371,1,S60,0.16,0,2,0,forex
SELL,USDCAD,2021-01-27,1.27611,1,S60,0.16,0,2,0,forex
SELL,USDCAD,2021-01-28,1.28108,0,S60,0.1,0,3,0,forex
SELL,GBPCAD,2021-01-28,1.75168,0,S60,0.1,0,3,0,forex
SELL,USDCAD,2021-01-28,1.28581,1,S60,0.17,0,3,0,forex
SELL,GBPJPY,2021-01-28,143.163,1,S60,0.15,0,3,0,forex
SELL,EURUSD,2021-01-28,1.21366,1,S60,0.15,0,3,0,forex
SELL,USDCHF,2021-02-01,0.89571,1,S60,0.17,0,0,0,forex
SELL,USDCHF,2021-02-01,0.89585,1,S60,0.17,0,0,0,forex
SELL,USDCHF,2021-02-01,0.89542,1,S60,0.17,0,0,0,forex
SELL,USDCHF,2021-02-01,0.89683,0,S60,0.17,0,0,0,forex
SELL,XAGUSD,2021-02-01,29.083,1,S60,0.01,0,0,0,forex
BUY,EURUSD,2021-02-02,1.20398,0,S60,0.2,0,1,0,forex
BUY,XAUUSD,2021-02-02,1834.47,0,S60,0.01,0,1,0,forex
SELL,GBPUSD,2021-02-04,1.36772,1,S60,0.18,0,3,0,forex
SELL,GBPUSD,2021-02-04,1.36631,1,S60,0.2,0,3,0,forex
SELL,XAUUSD,2021-02-05,1812.09,1,S60,0.02,0,4,0,forex
SELL,EURUSD,2021-02-08,1.20397,1,S60,0.2,0,0,0,forex
SELL,EURUSD,2021-02-08,1.20219,0,S60,0.2,0,0,0,forex
SELL,AUDNZD,2021-02-08,1.0664,0,S60,0.2,0,0,0,forex
SELL,XAUUSD,2021-02-09,1836.84,1,S60,0.03,0,1,0,forex
SELL,GBPUSD,2021-02-10,1.38136,0,S60,0.16,0,2,0,forex
SELL,EURJPY,2021-02-10,127.04,0,S60,0.12,0,2,0,forex
SELL,GBPUSD,2021-02-10,1.38348,0,S60,0.1,0,2,0,forex
SELL,EURUSD,2021-02-10,1.21176,0,S60,0.12,0,2,0,forex
SELL,XAUUSD,2021-02-10,1852.52,1,S60,0.02,0,2,0,forex
SELL,EURUSD,2021-02-10,1.21373,1,S60,0.09,0,2,0,forex
SELL,GBPCAD,2021-02-16,1.76623,1,S60,0.08,0,1,0,forex
BUY,XAUUSD,2021-02-16,1795.71,1,S60,0.03,0,1,0,forex
BUY,XAUUSD,2021-02-17,1777.91,1,S60,0.03,0,2,0,forex
SELL,EURUSD,2021-02-19,1.21326,1,S60,0.13,0,4,0,forex
SELL,NZDUSD,2021-02-19,0.72997,1,S60,0.14,0,4,0,forex
SELL,AUDUSD,2021-02-22,0.78903,1,S60,0.03,0,0,0,forex
SELL,GBPUSD,2021-02-22,1.40345,1,S60,0.03,0,0,0,forex
BUY,EURGBP,2021-02-22,0.86418,1,S60,0.03,0,0,0,forex
SELL,EURCHF,2021-02-22,1.0873,0,S60,0.03,0,0,0,forex
SELL,EURCHF,2021-02-22,1.08994,1,S60,0.07,0,0,0,forex
SELL,EURCHF,2021-02-22,1.08994,1,S60,0.07,0,0,0,forex
SELL,EURCHF,2021-02-24,1.09951,0,S60,0.03,0,2,0,forex
SELL,XAUUSD,2021-02-24,1812.04,1,S60,0.01,0,2,0,forex
BUY,EURUSD,2021-02-24,1.21319,1,S60,0.1,0,2,0,forex
SELL,XAUUSD,2021-02-24,1798.64,1,S60,0.03,0,2,0,forex
BUY,EURUSD,2021-02-24,1.21442,1,S60,0.12,0,2,0,forex
SELL,USDCHF,2021-02-24,0.90693,1,S60,0.13,0,2,0,forex
SELL,EURUSD,2021-02-25,1.21686,1,S60,0.12,0,3,0,forex
SELL,EURUSD,2021-02-25,1.22183,1,S60,0.03,0,3,0,forex
SELL,EURUSD,2021-02-25,1.22203,0,S60,0.04,0,3,0,forex
SELL,EURUSD,2021-02-25,1.22357,1,S60,0.03,0,3,0,forex
BUY,EURUSD,2021-02-25,1.21795,0,S60,0.12,0,3,0,forex
BUY,XAUUSD,2021-02-25,1771.37,1,S60,0.04,0,3,0,forex
BUY,EURUSD,2021-02-26,1.21431,1,S60,0.14,0,4,0,forex
BUY,EURUSD,2021-02-26,1.21205,1,S60,0.14,0,4,0,forex
BUY,XAUUSD,2021-02-26,1729.17,1,S60,0.05,0,4,0,forex
BUY,XAUUSD,2021-03-01,1742.17,1,S60,0.04,0,0,0,forex
BUY,EURUSD,2021-03-01,1.20404,1,S60,0.04,0,0,0,forex
BUY,XAUUSD,2021-03-02,1733.43,1,S60,0.04,0,1,0,forex
SELL,EURUSD,2021-03-02,1.20886,0,S60,0.1,0,1,0,forex
SELL,EURUSD,2021-03-02,1.20874,0,S60,0.1,0,1,0,forex
SELL,EURUSD,2021-03-02,1.20942,1,S60,0.2,0,1,0,forex
SELL,EURUSD,2021-03-03,1.20852,1,S60,0.14,0,2,0,forex
SELL,EURUSD,2021-03-03,1.20691,1,S60,0.14,0,2,0,forex
SELL,XAUUSD,2021-03-03,1723.87,0,S60,0.05,0,2,0,forex
SELL,EURCHF,2021-03-03,1.10688,1,S60,0.15,0,2,0,forex
BUY,XAUUSD,2021-03-03,1716.17,1,S60,0.05,0,2,0,forex
BUY,EURUSD,2021-03-03,1.20533,1,S60,0.1,0,2,0,forex
SELL,EURUSD,2021-03-04,1.20613,1,S60,0.15,0,3,0,forex
BUY,XAUUSD,2021-03-04,1710.43,1,S60,0.05,0,3,0,forex
BUY,XAUUSD,2021-03-04,1711.61,1,S60,0.05,0,3,0,forex
BUY,EURUSD,2021-03-04,1.20434,0,S60,0.12,0,3,0,forex
SELL,EURUSD,2021-03-04,1.20433,0,S60,0.14,0,3,0,forex
BUY,EURUSD,2021-03-08,1.18676,0,S60,0.05,0,0,0,forex
BUY,EURUSD,2021-03-09,1.18931,1,S60,0.05,0,1,0,forex
SELL,XAUUSD,2021-03-09,1717.79,1,S60,0.05,0,1,0,forex
BUY,EURUSD,2021-03-10,1.18802,1,S60,0.05,0,2,0,forex
BUY,EURUSD,2021-03-10,1.18853,1,S60,0.05,0,2,0,forex
BUY,EURUSD,2021-03-10,1.18838,1,S60,0.05,0,2,0,forex
BUY,EURUSD,2021-03-10,1.18915,1,S60,0.05,0,2,0,forex
BUY,EURUSD,2021-03-10,1.19036,1,S60,0.05,0,2,0,forex
BUY,EURUSD,2021-03-10,1.1909,1,S60,0.05,0,2,0,forex
BUY,EURUSD,2021-03-10,1.19186,1,S60,0.06,0,2,0,forex
SELL,EURUSD,2021-03-11,1.19654,1,S60,0.1,0,3,0,forex
SELL,EURUSD,2021-03-11,1.19516,0,S60,0.1,0,3,0,forex
SELL,EURUSD,2021-03-11,1.19697,1,S60,0.05,0,3,0,forex
BUY,EURUSD,2021-03-11,1.1951,1,S60,0.1,0,3,0,forex
BUY,EURUSD,2021-03-11,1.19378,1,S60,0.1,0,3,0,forex
BUY,EURUSD,2021-03-12,1.19334,1,S60,0.15,0,4,0,forex
SELL,EURGBP,2021-03-15,0.85954,1,S60,0.15,0,0,0,forex
SELL,CHFJPY,2021-03-16,117.682,1,S60,0.1,0,1,0,forex
SELL,CHFJPY,2021-03-16,117.961,1,S60,0.1,0,1,0,forex
BUY,EURUSD,2021-03-17,1.18969,1,S60,0.1,0,2,0,forex
SELL,EURNZD,2021-03-17,1.66257,1,S60,0.1,0,2,0,forex
SELL,AUDUSD,2021-03-18,0.78109,1,S60,0.15,0,3,0,forex
BUY,XAUUSD,2021-03-18,1722.44,1,S60,0.06,0,3,0,forex
BUY,EURUSD,2021-03-18,1.19169,1,S60,0.1,0,3,0,forex
SELL,USDCAD,2021-03-18,1.24982,1,S60,0.1,0,3,0,forex
SELL,USDCAD,2021-03-18,1.25152,1,S60,0.1,0,3,0,forex
BUY,EURUSD,2021-03-19,1.18986,1,S60,0.1,0,4,0,forex
BUY,XAUUSD,2021-03-19,1736.44,1,S60,0.05,0,4,0,forex
BUY,GBPUSD,2021-03-19,1.38558,1,S60,0.1,0,4,0,forex
BUY,EURUSD,2021-03-19,1.18807,1,S60,0.1,0,4,0,forex
BUY,GBPUSD,2021-03-19,1.38377,1,S60,0.1,0,4,0,forex
SELL,EURUSD,2021-03-22,1.19258,1,S60,0.1,0,0,0,forex
SELL,XAUUSD,2021-03-22,1738.57,1,S60,0.05,0,0,0,forex
SELL,XAUUSD,2021-03-22,1733.57,0,S60,0.05,0,0,0,forex
BUY,XAUUSD,2021-03-22,1732.47,1,S60,0.06,0,0,0,forex
SELL,CHFJPY,2021-03-22,117.624,1,S60,0.12,0,0,0,forex
SELL,CHFJPY,2021-03-22,117.719,1,S60,0.12,0,0,0,forex
SELL,EURGBP,2021-03-22,0.86165,1,S60,0.12,0,0,0,forex
SELL,CHFJPY,2021-03-22,117.637,1,S60,0.12,0,0,0,forex
SELL,EURUSD,2021-03-22,1.19447,1,S60,0.12,0,0,0,forex
SELL,CHFJPY,2021-03-22,117.823,1,S60,0.12,0,0,0,forex
SELL,XAUUSD,2021-03-22,1740.77,1,S60,0.06,0,0,0,forex
SELL,GBPUSD,2021-04-01,1.38224,1,S60,0.11,0,3,0,forex
SELL,GBPUSD,2021-04-02,1.38449,1,S60,0.12,0,4,0,forex
BUY,EURGBP,2021-04-05,0.84783,1,S60,0.12,0,0,0,forex
BUY,EURUSD,2021-04-05,1.1756,1,S60,0.12,0,0,0,forex
SELL,XAUUSD,2021-04-05,1729.22,1,S60,0.06,0,0,0,forex
SELL,XAUUSD,2021-04-05,1731.86,1,S60,0.06,0,0,0,forex
SELL,GBPUSD,2021-04-06,1.39115,1,S60,0.13,0,1,0,forex
SELL,EURNZD,2021-04-06,1.68308,1,S60,0.13,0,1,0,forex
SELL,EURUSD,2021-04-07,1.1892,1,S60,0.13,0,2,0,forex
BUY,GBPUSD,2021-04-08,1.37402,1,S60,0.13,0,3,0,forex
SELL,XAUUSD,2021-04-13,1746.5,1,S60,0.05,0,1,0,forex
SELL,XAUUSD,2021-04-16,1779.42,1,S60,0.07,0,4,0,forex
SELL,EURUSD,2021-04-19,1.20384,1,S60,0.1,0,0,0,forex
SELL,EURUSD,2021-04-20,1.20597,1,S60,0.14,0,1,0,forex
SELL,NZDCAD,2021-04-21,0.90573,1,S60,0.14,0,2,0,forex
SELL,EURNZD,2021-04-22,1.67806,1,S60,0.14,0,3,0,forex
SELL,EURGBP,2021-04-22,0.86873,1,S60,0.14,0,3,0,forex
BUY,GBPUSD,2021-04-23,1.38403,1,S60,0.14,0,4,0,forex
SELL,EURUSD,2021-04-23,1.2056,1,S60,0.15,0,4,0,forex
SELL,EURNZD,2021-04-23,1.67955,0,S60,0.15,0,4,0,forex
SELL,XAUUSD,2021-04-23,1788.47,1,S60,0.07,0,4,0,forex
SELL,XAUUSD,2021-04-23,1789.91,1,S60,0.07,0,4,0,forex
SELL,XAUUSD,2021-04-23,1793.89,1,S60,0.07,0,4,0,forex
SELL,EURUSD,2021-04-23,1.20696,1,S60,0.14,0,4,0,forex
SELL,EURNZD,2021-04-23,1.68017,0,S60,0.15,0,4,0,forex
BUY,XAUUSD,2021-04-23,1774.11,1,S60,0.07,0,4,0,forex
SELL,EURNZD,2021-04-23,1.68074,1,S60,0.15,0,4,0,forex
SELL,EURNZD,2021-04-23,1.68166,1,S60,0.15,0,4,0,forex
SELL,EURUSD,2021-04-26,1.20952,1,S60,0.2,0,0,0,forex
SELL,EURUSD,2021-04-26,1.21049,1,S60,0.2,0,0,0,forex
BUY,XAUUSD,2021-04-26,1772.53,1,S60,0.08,0,0,0,forex
BUY,XAUUSD,2021-04-26,1770.59,1,S60,0.08,0,0,0,forex
SELL,XAUUSD,2021-04-26,1777.16,1,S60,0.08,0,0,0,forex
SELL,XAUUSD,2021-04-26,1779.41,1,S60,0.08,0,0,0,forex
SELL,XAUUSD,2021-04-26,1778.88,1,S60,0.08,0,0,0,forex
BUY,USDCAD,2021-04-26,1.24109,1,S60,0.2,0,0,0,forex
SELL,XAUUSD,2021-04-27,1781.23,1,S60,0.08,0,1,0,forex
SELL,XAUUSD,2021-04-27,1783.55,1,S60,0.08,0,1,0,forex
SELL,EURUSD,2021-04-27,1.20886,1,S60,0.2,0,1,0,forex
SELL,XAUUSD,2021-04-27,1782.3,1,S60,0.08,0,1,0,forex
SELL,XAUUSD,2021-04-27,1784.53,1,S60,0.08,0,1,0,forex
SELL,EURUSD,2021-04-27,1.20827,1,S60,0.2,0,1,0,forex
SELL,XAUUSD,2021-04-27,1782.89,1,S60,0.08,0,1,0,forex
SELL,EURUSD,2021-04-27,1.20893,1,S60,0.2,0,1,0,forex
SELL,XAUUSD,2021-04-27,1784.29,1,S60,0.08,0,1,0,forex
SELL,XAUUSD,2021-04-27,1783.69,1,S60,0.08,0,1,0,forex
SELL,XAUUSD,2021-04-27,1784.02,1,S60,0.08,0,1,0,forex
BUY,XAUUSD,2021-04-27,1780.63,1,S60,0.08,0,1,0,forex
BUY,XAUUSD,2021-04-28,1773.54,0,S60,0.08,0,2,0,forex
BUY,XAUUSD,2021-04-28,1772.25,1,S60,0.08,0,2,0,forex
BUY,XAUUSD,2021-04-28,1770.41,1,S60,0.08,0,2,0,forex
BUY,XAUUSD,2021-04-28,1768.78,1,S60,0.08,0,2,0,forex
BUY,XAUUSD,2021-04-28,1765.92,1,S60,0.08,0,2,0,forex
BUY,XAUUSD,2021-04-28,1763.74,1,S60,0.08,0,2,0,forex
SELL,XAUUSD,2021-04-28,1769.92,1,S60,0.08,0,2,0,forex
SELL,XAUUSD,2021-04-28,1771.46,1,S60,0.08,0,2,0,forex
SELL,XAUUSD,2021-04-28,1771.91,0,S60,0.08,0,2,0,forex
SELL,XAUUSD,2021-04-28,1773.03,1,S60,0.08,0,2,0,forex
SELL,XAUUSD,2021-04-28,1774.37,1,S60,0.08,0,2,0,forex
SELL,XAUUSD,2021-04-29,1782.77,1,S60,0.08,0,3,0,forex
SELL,EURUSD,2021-04-29,1.21331,1,S60,0.2,0,3,0,forex
SELL,XAUUSD,2021-04-29,1785.35,1,S60,0.08,0,3,0,forex
SELL,EURUSD,2021-04-29,1.21377,1,S60,0.2,0,3,0,forex
SELL,XAUUSD,2021-04-29,1788.74,1,S60,0.08,0,3,0,forex
SELL,EURUSD,2021-04-29,1.21484,1,S60,0.2,0,3,0,forex
SELL,EURUSD,2021-04-29,1.21336,1,S60,0.2,0,3,0,forex
SELL,AUDUSD,2021-04-29,0.77971,1,S60,0.2,0,3,0,forex
SELL,AUDUSD,2021-04-29,0.7801,1,S60,0.2,0,3,0,forex
SELL,XAUUSD,2021-04-29,1779.25,1,S60,0.08,0,3,0,forex
SELL,XAUUSD,2021-04-29,1781.05,1,S60,0.08,0,3,0,forex
BUY,XAUUSD,2021-04-29,1773.7,0,S60,0.08,0,3,0,forex
BUY,XAUUSD,2021-04-29,1771.01,0,S60,0.08,0,3,0,forex
BUY,XAUUSD,2021-04-29,1768.36,1,S60,0.08,0,3,0,forex
BUY,XAUUSD,2021-04-29,1765.72,1,S60,0.08,0,3,0,forex
BUY,XAUUSD,2021-04-29,1763.13,1,S60,0.08,0,3,0,forex
BUY,XAUUSD,2021-04-29,1760.76,1,S60,0.08,0,3,0,forex
BUY,XAUUSD,2021-04-29,1758.35,1,S60,0.08,0,3,0,forex
SELL,XAUUSD,2021-04-30,1771.35,1,S60,0.08,0,4,0,forex
BUY,XAUUSD,2021-04-30,1766.49,1,S60,0.08,0,4,0,forex
SELL,XAUUSD,2021-04-30,1770.59,1,S60,0.08,0,4,0,forex
BUY,GBPUSD,2021-04-30,1.38824,1,S60,0.2,0,4,0,forex
BUY,GBPUSD,2021-04-30,1.38758,1,S60,0.2,0,4,0,forex
BUY,GBPUSD,2021-04-30,1.38671,1,S60,0.2,0,4,0,forex
BUY,GBPUSD,2021-04-30,1.38635,1,S60,0.2,0,4,0,forex
BUY,GBPUSD,2021-04-30,1.38693,1,S60,0.2,0,4,0,forex
BUY,GBPUSD,2021-04-30,1.38523,1,S60,0.2,0,4,0,forex
BUY,GBPUSD,2021-04-30,1.38463,1,S60,0.2,0,4,0,forex
BUY,EURUSD,2021-05-03,1.20295,1,S60,0.21,0,0,0,forex
BUY,EURUSD,2021-05-03,1.20245,1,S60,0.21,0,0,0,forex
SELL,EURNZD,2021-05-04,1.68394,0,S60,0.21,0,1,0,forex
BUY,EURUSD,2021-05-04,1.20088,1,S60,0.21,0,1,0,forex
SELL,EURNZD,2021-05-04,1.68438,0,S60,0.21,0,1,0,forex
SELL,EURNZD,2021-05-04,1.68489,1,S60,0.21,0,1,0,forex
SELL,EURNZD,2021-05-04,1.68554,1,S60,0.21,0,1,0,forex
SELL,EURNZD,2021-05-04,1.68699,1,S60,0.21,0,1,0,forex
SELL,EURNZD,2021-05-04,1.6862,1,S60,0.21,0,1,0,forex
SELL,EURNZD,2021-05-04,1.6878,1,S60,0.21,0,1,0,forex
SELL,XAUUSD,2021-05-04,1790.1,0,S60,0.09,0,1,0,forex
SELL,XAUUSD,2021-05-04,1791.08,1,S60,0.09,0,1,0,forex
SELL,XAUUSD,2021-05-04,1792.89,1,S60,0.09,0,1,0,forex
SELL,XAUUSD,2021-05-04,1794.09,1,S60,0.09,0,1,0,forex
SELL,XAUUSD,2021-05-04,1795.65,1,S60,0.09,0,1,0,forex
SELL,XAUUSD,2021-05-04,1797.41,1,S60,0.09,0,1,0,forex
BUY,XAUUSD,2021-05-05,1771.59,1,S60,0.09,0,2,0,forex
SELL,XAUUSD,2021-05-05,1782.44,1,S60,0.09,0,2,0,forex
SELL,XAUUSD,2021-05-05,1780.8,1,S60,0.09,0,2,0,forex
SELL,XAUUSD,2021-05-05,1782.12,1,S60,0.09,0,2,0,forex
SELL,XAUUSD,2021-05-05,1782.53,1,S60,0.09,0,2,0,forex
BUY,EURNZD,2021-05-06,1.66299,1,S60,0.21,0,3,0,forex
SELL,XAUUSD,2021-05-06,1793.18,1,S60,0.09,0,3,0,forex
SELL,GBPUSD,2021-05-06,1.39396,1,S60,0.21,0,3,0,forex
SELL,XAUUSD,2021-05-06,1793.97,1,S60,0.09,0,3,0,forex
SELL,XAUUSD,2021-05-06,1794.81,1,S60,0.09,0,3,0,forex
SELL,XAUUSD,2021-05-06,1796.08,1,S60,0.09,0,3,0,forex
SELL,XAUUSD,2021-05-07,1820.43,0,S60,0.09,0,4,0,forex
SELL,XAUUSD,2021-05-07,1841.45,1,S60,0.01,0,4,0,forex
SELL,XAUUSD,2021-05-07,1839.96,1,S60,0.02,0,4,0,forex
SELL,XAUUSD,2021-05-07,1838.88,1,S60,0.02,0,4,0,forex
SELL,XAUUSD,2021-05-07,1837.53,1,S60,0.02,0,4,0,forex
SELL,XAUUSD,2021-05-07,1828.79,1,S60,0.03,0,4,0,forex
SELL,XAUUSD,2021-05-07,1830.77,1,S60,0.03,0,4,0,forex
SELL,EURUSD,2021-05-07,1.21071,1,S60,0.1,0,4,0,forex
SELL,XAUUSD,2021-05-07,1830.69,1,S60,0.02,0,4,0,forex
SELL,XAUUSD,2021-05-07,1831.07,0,S60,0.03,0,4,0,forex
SELL,XAUUSD,2021-05-07,1833.58,1,S60,0.03,0,4,0,forex
SELL,XAUUSD,2021-05-07,1837.16,1,S60,0.03,0,4,0,forex
SELL,XAUUSD,2021-05-07,1839.5,1,S60,0.03,0,4,0,forex
BUY,EURGBP,2021-05-11,0.86007,1,S60,0.05,0,1,0,forex
BUY,EURGBP,2021-05-11,0.85942,1,S60,0.05,0,1,0,forex
SELL,XAUUSD,2021-05-11,1840.63,1,S60,0.03,0,1,0,forex
SELL,EURUSD,2021-05-11,1.21748,1,S60,0.05,0,1,0,forex
SELL,EURUSD,2021-05-11,1.21811,1,S60,0.05,0,1,0,forex
BUY,XAUUSD,2021-05-11,1821.77,1,S60,0.03,0,1,0,forex
BUY,XAUUSD,2021-05-11,1820.14,1,S60,0.03,0,1,0,forex
SELL,GBPUSD,2021-05-11,1.41504,1,S60,0.05,0,1,0,forex
SELL,XAUUSD,2021-05-11,1828.98,1,S60,0.03,0,1,0,forex
SELL,XAUUSD,2021-05-11,1832.19,1,S60,0.03,0,1,0,forex
SELL,XAUUSD,2021-05-12,1836.7,1,S60,0.03,0,2,0,forex
SELL,XAUUSD,2021-05-12,1834.89,1,S60,0.04,0,2,0,forex
SELL,XAUUSD,2021-05-12,1835.26,1,S60,0.04,0,2,0,forex
BUY,XAUUSD,2021-05-12,1826.63,0,S60,0.04,0,2,0,forex
BUY,XAUUSD,2021-05-12,1825.28,0,S60,0.03,0,2,0,forex
BUY,XAUUSD,2021-05-12,1823.66,0,S60,0.03,0,2,0,forex
BUY,XAUUSD,2021-05-12,1821.35,0,S60,0.03,0,2,0,forex
SELL,EURNZD,2021-05-13,1.68608,1,S60,0.06,0,3,0,forex
SELL,EURNZD,2021-05-13,1.68924,1,S60,0.05,0,3,0,forex
SELL,XAUUSD,2021-05-13,1819.8,1,S60,0.04,0,3,0,forex
SELL,XAUUSD,2021-05-13,1822.19,1,S60,0.04,0,3,0,forex
SELL,XAUUSD,2021-05-13,1825.76,1,S60,0.04,0,3,0,forex
SELL,USDCAD,2021-05-13,1.21796,1,S60,0.06,0,3,0,forex
BUY,XAGUSD,2021-05-19,27.572,1,S60,0.02,0,2,0,forex
SELL,EURNZD,2021-05-20,1.69853,1,S60,0.02,0,3,0,forex
SELL,EURNZD,2021-05-20,1.69924,1,S60,0.02,0,3,0,forex
SELL,EURNZD,2021-05-20,1.69823,1,S60,0.02,0,3,0,forex
BUY,EURUSD,2021-05-21,1.21814,1,S60,0.05,0,4,0,forex
BUY,EURUSD,2021-05-21,1.21736,1,S60,0.02,0,4,0,forex
BUY,EURCHF,2021-05-24,1.09371,1,S60,0.06,0,0,0,forex
BUY,AUDNZD,2021-05-26,1.06239,1,S60,0.06,0,2,0,forex
BUY,EURUSD,2021-05-27,1.21949,0,S60,0.06,0,3,0,forex
SELL,NZDCAD,2021-05-27,0.88267,1,S60,0.08,0,3,0,forex
SELL,NZDCAD,2021-05-27,0.88395,1,S60,0.06,0,3,0,forex
BUY,EURGBP,2021-05-27,0.85989,1,S60,0.07,0,3,0,forex
SELL,GBPUSD,2021-05-28,1.41953,1,S60,0.02,0,4,0,forex
BUY,AUDUSD,2021-05-28,0.76889,1,S60,0.06,0,4,0,forex
BUY,AUDUSD,2021-05-28,0.76824,1,S60,0.06,0,4,0,forex
BUY,EURUSD,2021-06-02,1.21783,1,S60,0.05,0,2,0,forex
BUY,EURUSD,2021-06-02,1.21735,1,S60,0.04,0,2,0,forex
BUY,EURUSD,2021-06-02,1.21704,1,S60,0.03,0,2,0,forex
BUY,EURUSD,2021-06-02,1.21673,1,S60,0.03,0,2,0,forex
BUY,EURUSD,2021-06-02,1.2165,1,S60,0.03,0,2,0,forex
SELL,EURUSD,2021-06-02,1.22,0,S60,0.05,0,2,0,forex
SELL,EURUSD,2021-06-02,1.2204,1,S60,0.04,0,2,0,forex
SELL,EURUSD,2021-06-03,1.22137,1,S60,0.05,0,3,0,forex
SELL,EURUSD,2021-06-03,1.22063,1,S60,0.05,0,3,0,forex
SELL,XAUUSD,2021-06-04,1882.48,1,S60,0.06,0,4,0,forex
SELL,XAUUSD,2021-06-04,1883.14,0,S60,0.06,0,4,0,forex
SELL,GBPUSD,2021-06-04,1.41813,1,S60,0.08,0,4,0,forex
SELL,GBPUSD,2021-06-04,1.41784,1,S60,0.06,0,4,0,forex
SELL,GBPUSD,2021-06-04,1.41846,1,S60,0.04,0,4,0,forex
BUY,GBPCAD,2021-06-08,1.70876,1,S60,0.06,0,1,0,forex
SELL,EURUSD,2021-06-08,1.21874,1,S60,0.07,0,1,0,forex
SELL,EURNZD,2021-06-08,1.692,1,S60,0.08,0,1,0,forex
SELL,EURUSD,2021-06-08,1.21882,1,S60,0.08,0,1,0,forex
SELL,EURUSD,2021-06-08,1.21922,1,S60,0.04,0,1,0,forex
SELL,GBPCAD,2021-06-09,1.71446,1,S60,0.05,0,2,0,forex
SELL,EURUSD,2021-06-09,1.2191,1,S60,0.08,0,2,0,forex
SELL,EURUSD,2021-06-09,1.21923,1,S60,0.05,0,2,0,forex
SELL,EURUSD,2021-06-09,1.21953,1,S60,0.05,0,2,0,forex
SELL,EURUSD,2021-06-09,1.22036,1,S60,0.04,0,2,0,forex
SELL,EURUSD,2021-06-09,1.2215,1,S60,0.02,0,2,0,forex
BUY,GBPUSD,2021-06-10,1.40941,1,S60,0.04,0,3,0,forex
SELL,GBPUSD,2021-06-10,1.4166,1,S60,0.06,0,3,0,forex
SELL,GBPUSD,2021-06-11,1.41776,1,S60,0.05,0,4,0,forex
BUY,XAUUSD,2021-06-14,1849.31,1,S60,0.02,0,0,0,forex
BUY,XAUUSD,2021-06-14,1849.1,1,S60,0.02,0,0,0,forex
SELL,XAUUSD,2021-06-14,1853.35,0,S60,0.02,0,0,0,forex
BUY,XAUUSD,2021-06-14,1854.56,1,S60,0.02,0,0,0,forex
SELL,XAUUSD,2021-06-14,1864.88,1,S60,0.02,0,0,0,forex
SELL,XAUUSD,2021-06-14,1865.96,1,S60,0.02,0,0,0,forex
SELL,XAUUSD,2021-06-14,1866.91,1,S60,0.02,0,0,0,forex
SELL,XAUUSD,2021-06-14,1869.49,1,S60,0.02,0,0,0,forex
SELL,XAUUSD,2021-06-15,1864.13,1,S60,0.02,0,1,0,forex
SELL,USDCHF,2021-06-15,0.8995,1,S60,0.07,0,1,0,forex
SELL,USDCHF,2021-06-15,0.89964,1,S60,0.06,0,1,0,forex
SELL,USDCAD,2021-06-15,1.2187,1,S60,0.06,0,1,0,forex
SELL,USDCAD,2021-06-15,1.21902,1,S60,0.06,0,1,0,forex
SELL,USDCAD,2021-06-15,1.21932,1,S60,0.05,0,1,0,forex
SELL,GBPCAD,2021-06-16,1.7197,1,S60,0.07,0,2,0,forex
SELL,GBPCAD,2021-06-16,1.72025,1,S60,0.05,0,2,0,forex
SELL,GBPUSD,2021-06-22,1.39211,1,S60,0.02,0,1,0,forex
SELL,GBPUSD,2021-06-22,1.39109,1,S60,0.02,0,1,0,forex
SELL,USDCHF,2021-06-23,0.91814,1,S60,0.03,0,2,0,forex
SELL,USDCHF,2021-06-24,0.91871,1,S60,0.05,0,3,0,forex
SELL,USDCHF,2021-06-24,0.91928,1,S60,0.04,0,3,0,forex
SELL,GBPCAD,2021-06-25,1.71499,1,S60,0.06,0,4,0,forex
SELL,GBPCAD,2021-06-25,1.71553,1,S60,0.05,0,4,0,forex
SELL,EURGBP,2021-06-25,0.85901,1,S60,0.06,0,4,0,forex
SELL,EURGBP,2021-06-25,0.8595,1,S60,0.05,0,4,0,forex
SELL,EURGBP,2021-06-25,0.86007,1,S60,0.04,0,4,0,forex
SELL,EURGBP,2021-06-28,0.8598,1,S60,0.06,0,0,0,forex
SELL,GBPCAD,2021-06-28,1.71412,1,S60,0.06,0,0,0,forex
SELL,GBPCAD,2021-06-28,1.713,1,S60,0.05,0,0,0,forex
SELL,GBPCAD,2021-06-28,1.71527,1,S60,0.05,0,0,0,forex
SELL,EURGBP,2021-06-29,0.85946,0,S60,0.06,0,1,0,forex
SELL,EURGBP,2021-06-29,0.85969,1,S60,0.05,0,1,0,forex
SELL,EURGBP,2021-06-29,0.8607,1,S60,0.05,0,1,0,forex
SELL,EURGBP,2021-06-29,0.86022,1,S60,0.05,0,1,0,forex
SELL,GBPCAD,2021-06-30,1.71643,1,S60,0.06,0,2,0,forex
SELL,GBPCAD,2021-06-30,1.71811,1,S60,0.06,0,2,0,forex
BUY,GBPCAD,2021-07-01,1.70931,1,S60,0.06,0,3,0,forex
BUY,GBPCAD,2021-07-01,1.70821,1,S60,0.05,0,3,0,forex
BUY,GBPCAD,2021-07-01,1.7075,1,S60,0.05,0,3,0,forex
BUY,EURUSD,2021-07-02,1.18408,1,S60,0.05,0,4,0,forex
BUY,EURUSD,2021-07-02,1.18274,1,S60,0.04,0,4,0,forex
SELL,XAUUSD,2021-07-02,1792.54,1,S60,0.03,0,4,0,forex
SELL,XAUUSD,2021-07-02,1794.45,1,S60,0.03,0,4,0,forex
BUY,EURNZD,2021-07-05,1.68763,1,S60,0.07,0,0,0,forex
BUY,EURUSD,2021-07-07,1.18199,1,S60,0.05,0,2,0,forex
SELL,NZDCAD,2021-07-07,0.87731,1,S60,0.08,0,2,0,forex
SELL,NZDCAD,2021-07-07,0.87795,1,S60,0.07,0,2,0,forex
BUY,EURGBP,2021-07-07,0.85524,1,S60,0.08,0,2,0,forex
BUY,EURGBP,2021-07-07,0.85481,1,S60,0.07,0,2,0,forex
SELL,USDCAD,2021-07-07,1.2482,1,S60,0.08,0,2,0,forex
SELL,USDCAD,2021-07-07,1.24872,1,S60,0.07,0,2,0,forex
SELL,USDCAD,2021-07-07,1.24973,1,S60,0.06,0,2,0,forex
SELL,USDCAD,2021-07-07,1.25091,1,S60,0.06,0,2,0,forex
BUY,EURUSD,2021-07-08,1.17945,1,S60,0.08,0,3,0,forex
BUY,EURUSD,2021-07-08,1.17875,1,S60,0.06,0,3,0,forex
SELL,GBPCAD,2021-07-08,1.73291,1,S60,0.08,0,3,0,forex
SELL,GBPUSD,2021-07-09,1.38506,1,S60,0.08,0,4,0,forex
SELL,GBPUSD,2021-07-09,1.38679,1,S60,0.08,0,4,0,forex
SELL,GBPCAD,2021-07-12,1.73298,1,S60,0.08,0,0,0,forex
SELL,GBPCAD,2021-07-12,1.7318,1,S60,0.08,0,0,0,forex
SELL,GBPCAD,2021-07-12,1.73273,1,S60,0.07,0,0,0,forex
SELL,GBPCAD,2021-07-12,1.73337,1,S60,0.07,0,0,0,forex
SELL,GBPUSD,2021-07-12,1.38984,1,S60,0.08,0,0,0,forex
SELL,GBPUSD,2021-07-12,1.39046,1,S60,0.07,0,0,0,forex
SELL,GBPUSD,2021-07-13,1.38861,1,S60,0.08,0,1,0,forex
SELL,GBPUSD,2021-07-13,1.38928,1,S60,0.08,0,1,0,forex
SELL,GBPUSD,2021-07-13,1.38912,1,S60,0.07,0,1,0,forex
SELL,GBPUSD,2021-07-13,1.38995,1,S60,0.06,0,1,0,forex
SELL,GBPUSD,2021-07-13,1.39044,1,S60,0.06,0,1,0,forex
BUY,GBPUSD,2021-07-13,1.38103,1,S60,0.08,0,1,0,forex
BUY,GBPUSD,2021-07-13,1.3808,1,S60,0.07,0,1,0,forex
SELL,USDCAD,2021-07-13,1.25356,1,S60,0.08,0,1,0,forex
SELL,GBPCAD,2021-07-13,1.73209,1,S60,0.08,0,1,0,forex
SELL,GBPCAD,2021-07-13,1.73381,1,S60,0.08,0,1,0,forex
SELL,GBPCAD,2021-07-13,1.73435,1,S60,0.07,0,1,0,forex
SELL,NZDCAD,2021-07-15,0.88075,1,S60,0.07,0,3,0,forex
SELL,NZDCAD,2021-07-15,0.88059,1,S60,0.07,0,3,0,forex
SELL,GBPCAD,2021-07-15,1.73761,1,S60,0.09,0,3,0,forex
SELL,GBPCAD,2021-07-15,1.73714,0,S60,0.08,0,3,0,forex
SELL,GBPCAD,2021-07-15,1.73799,1,S60,0.08,0,3,0,forex
SELL,GBPCAD,2021-07-15,1.73888,1,S60,0.08,0,3,0,forex
SELL,GBPCAD,2021-07-15,1.73957,1,S60,0.07,0,3,0,forex
SELL,GBPCAD,2021-07-16,1.74091,1,S60,0.08,0,4,0,forex
SELL,GBPCAD,2021-07-16,1.74129,1,S60,0.08,0,4,0,forex
SELL,GBPCAD,2021-07-16,1.74179,0,S60,0.07,0,4,0,forex
SELL,GBPCAD,2021-07-16,1.74174,1,S60,0.08,0,4,0,forex
SELL,EURGBP,2021-07-16,0.85499,1,S60,0.08,0,4,0,forex
SELL,USDCAD,2021-07-16,1.25958,1,S60,0.08,0,4,0,forex
SELL,EURCAD,2021-07-20,1.50368,0,S60,0.05,0,1,0,forex
SELL,XAUUSD,2021-07-20,1823.51,1,S60,0.03,0,1,0,forex
SELL,EURGBP,2021-07-20,0.86631,1,S60,0.05,0,1,0,forex
BUY,GBPUSD,2021-07-20,1.36057,1,S60,0.05,0,1,0,forex
BUY,XAUUSD,2021-07-20,1806.55,1,S60,0.03,0,1,0,forex
SELL,USDCHF,2021-07-20,0.92204,1,S60,0.07,0,1,0,forex
BUY,GBPCAD,2021-07-21,1.72973,0,S60,0.07,0,2,0,forex
BUY,GBPCAD,2021-07-21,1.72773,0,S60,0.05,0,2,0,forex
BUY,GBPCAD,2021-07-21,1.7262,0,S60,0.04,0,2,0,forex
BUY,GBPCAD,2021-07-21,1.72355,0,S60,0.03,0,2,0,forex
BUY,USDCAD,2021-07-21,1.25362,1,S60,0.03,0,2,0,forex
BUY,EURCAD,2021-07-22,1.47828,1,S60,0.03,0,3,0,forex
SELL,XAUUSD,2021-07-22,1805.58,1,S60,0.02,0,3,0,forex
SELL,EURUSD,2021-07-22,1.18234,1,S60,0.03,0,3,0,forex
SELL,EURUSD,2021-07-22,1.1828,1,S60,0.02,0,3,0,forex
SELL,EURCAD,2021-07-22,1.48743,1,S60,0.03,0,3,0,forex
SELL,XAUUSD,2021-07-23,1807.73,1,S60,0.02,0,4,0,forex
BUY,EURNZD,2021-07-23,1.6867,0,S60,0.05,0,4,0,forex
BUY,EURNZD,2021-07-23,1.68469,1,S60,0.03,0,4,0,forex
BUY,EURCAD,2021-07-26,1.47972,1,S60,0.03,0,0,0,forex
SELL,XAUUSD,2021-07-26,1805.34,1,S60,0.03,0,0,0,forex
SELL,XAUUSD,2021-07-26,1805.78,1,S60,0.02,0,0,0,forex
SELL,XAUUSD,2021-07-26,1806.93,1,S60,0.02,0,0,0,forex
SELL,GBPUSD,2021-07-26,1.37902,1,S60,0.04,0,0,0,forex
SELL,XAUUSD,2021-07-27,1804.3,1,S60,0.02,0,1,0,forex
SELL,XAUUSD,2021-08-02,1812.53,0,S60,0.02,0,0,0,forex
SELL,EURNZD,2021-08-02,1.70229,1,S60,0.04,0,0,0,forex
SELL,EURNZD,2021-08-02,1.70272,1,S60,0.03,0,0,0,forex
SELL,EURNZD,2021-08-02,1.70309,1,S60,0.02,0,0,0,forex
SELL,EURNZD,2021-08-02,1.70396,1,S60,0.02,0,0,0,forex
SELL,EURNZD,2021-08-02,1.70438,1,S60,0.01,0,0,0,forex
BUY,EURNZD,2021-08-04,1.676,1,S60,0.01,0,2,0,forex
SELL,XAUUSD,2021-08-04,1817.9,0,S60,0.02,0,2,0,forex
BUY,XAUUSD,2021-08-04,1820.2,1,S60,0.02,0,2,0,forex
SELL,XAUUSD,2021-08-04,1820.9,1,S60,0.01,0,2,0,forex
BUY,XAUUSD,2021-08-06,1772.57,0,S60,0.01,0,4,0,forex
BUY,XAUUSD,2021-08-06,1770.04,0,S60,0.01,0,4,0,forex
SELL,XAUUSD,2021-08-23,1803.73,1,S60,0.01,0,0,0,forex
SELL,XAUUSD,2021-08-23,1804.26,1,S60,0.01,0,0,0,forex
SELL,XAUUSD,2021-08-24,1808.15,1,S60,0.01,0,1,0,forex
BUY,USDCAD,2021-08-25,1.25992,1,S60,0.01,0,2,0,forex
SELL,GBPJPY,2021-08-26,151.421,1,S60,0.01,0,3,0,forex
BUY,XAUUSD,2021-08-26,1782.11,1,S60,0.01,0,3,0,forex
BUY,XAUUSD,2021-08-26,1783.79,0,S60,0.01,0,3,0,forex
BUY,XAUUSD,2021-08-26,1780.66,1,S60,0.01,0,3,0,forex
SELL,XAUUSD,2021-08-26,1786.8,1,S60,0.01,0,3,0,forex
SELL,USDCHF,2021-08-26,0.91837,1,S60,0.02,0,3,0,forex
SELL,XAUUSD,2021-08-26,1790.51,0,S60,0.01,0,3,0,forex
SELL,XAUUSD,2021-08-26,1792.73,1,S60,0.01,0,3,0,forex
SELL,XAUUSD,2021-08-26,1795.98,1,S60,0.01,0,3,0,forex
SELL,USDCHF,2021-08-27,0.91766,1,S60,0.01,0,4,0,forex
SELL,USDCHF,2021-08-27,0.91866,1,S60,0.01,0,4,0,forex
SELL,USDCHF,2021-08-27,0.91957,1,S60,0.01,0,4,0,forex
SELL,XAUUSD,2021-08-27,1802.85,1,S60,0.01,0,4,0,forex
SELL,XAUUSD,2021-08-27,1805.84,1,S60,0.01,0,4,0,forex
SELL,XAUUSD,2021-08-30,1818.48,0,S60,0.01,0,0,0,forex
BUY,USDCHF,2021-08-30,0.91079,1,S60,0.01,0,0,0,forex
BUY,GBPCAD,2021-08-30,1.73103,1,S60,0.01,0,0,0,forex
SELL,USDCHF,2021-08-30,0.91672,1,S60,0.01,0,0,0,forex
SELL,USDCHF,2021-08-30,0.91734,1,S60,0.01,0,0,0,forex
SELL,USDCHF,2021-08-30,0.91786,1,S60,0.01,0,0,0,forex
SELL,USDCHF,2021-08-31,0.91702,1,S60,0.01,0,1,0,forex
SELL,GBPJPY,2021-08-31,151.505,1,S60,0.02,0,1,0,forex
BUY,USDCHF,2021-08-31,0.91231,1,S60,0.02,0,1,0,forex
BUY,USDCHF,2021-08-31,0.91233,1,S60,0.02,0,1,0,forex
BUY,XAUUSD,2021-08-31,1802.74,1,S60,0.01,0,1,0,forex
BUY,USDCHF,2021-08-31,0.91275,1,S60,0.02,0,1,0,forex
BUY,USDCHF,2021-08-31,0.91244,1,S60,0.02,0,1,0,forex
SELL,XAUUSD,2021-08-31,1815.12,1,S60,0.01,0,1,0,forex
SELL,XAUUSD,2021-08-31,1812.89,1,S60,0.01,0,1,0,forex
BUY,EURNZD,2021-09-01,1.67597,1,S60,0.01,0,2,0,forex
BUY,EURNZD,2021-09-01,1.67364,1,S60,0.01,0,2,0,forex
SELL,XAUUSD,2021-09-01,1816.55,1,S60,0.01,0,2,0,forex
SELL,XAUUSD,2021-09-01,1819.1,1,S60,0.01,0,2,0,forex
SELL,GBPUSD,2021-09-01,1.37802,0,S60,0.01,0,2,0,forex
SELL,GBPUSD,2021-09-01,1.37908,1,S60,0.01,0,2,0,forex
SELL,GBPCAD,2021-09-02,1.73828,1,S60,0.01,0,3,0,forex
SELL,GBPCAD,2021-09-02,1.73973,1,S60,0.01,0,3,0,forex
BUY,EURNZD,2021-09-03,1.66587,0,S60,0.01,0,4,0,forex
BUY,EURNZD,2021-09-03,1.66434,1,S60,0.01,0,4,0,forex
SELL,XAUUSD,2021-09-03,1829.29,1,S60,0.01,0,4,0,forex
BUY,EURNZD,2021-09-03,1.66129,1,S60,0.01,0,4,0,forex
SELL,XAUUSD,2021-09-03,1825.77,1,S60,0.01,0,4,0,forex
SELL,XAUUSD,2021-09-06,1828.25,1,S60,0.01,0,0,0,forex
SELL,XAUUSD,2021-09-06,1826.33,1,S60,0.01,0,0,0,forex
SELL,XAUUSD,2021-09-06,1827.95,1,S60,0.01,0,0,0,forex
SELL,USDCHF,2021-09-06,0.91611,1,S60,0.02,0,0,0,forex
BUY,GBPCAD,2021-09-06,1.73374,0,S60,0.02,0,0,0,forex
BUY,GBPCAD,2021-09-06,1.73274,1,S60,0.02,0,0,0,forex
SELL,XAUUSD,2021-09-07,1826.28,1,S60,0.01,0,1,0,forex
SELL,EURCAD,2021-09-07,1.49301,1,S60,0.02,0,1,0,forex
BUY,XAUUSD,2021-09-07,1811.31,1,S60,0.01,0,1,0,forex
SELL,EURCAD,2021-09-07,1.49391,1,S60,0.02,0,1,0,forex
SELL,XAUUSD,2021-09-07,1809.99,0,S60,0.01,0,1,0,forex
BUY,XAUUSD,2021-09-07,1810.13,1,S60,0.01,0,1,0,forex
SELL,USDCAD,2021-09-07,1.2597,1,S60,0.02,0,1,0,forex
BUY,XAUUSD,2021-09-07,1809.43,1,S60,0.01,0,1,0,forex
SELL,XAUUSD,2021-09-09,1796.88,1,S60,0.01,0,3,0,forex
BUY,XAUUSD,2021-09-09,1792.64,1,S60,0.01,0,3,0,forex
SELL,GBPUSD,2021-09-10,1.38473,0,S60,0.01,0,4,0,forex
SELL,GBPUSD,2021-09-10,1.3881,1,S60,0.01,0,4,0,forex
SELL,EURGBP,2021-09-10,0.85373,1,S60,0.01,0,4,0,forex
SELL,GBPCAD,2021-09-13,1.75471,1,S60,0.01,0,0,0,forex
SELL,USDCHF,2021-09-13,0.92363,1,S60,0.01,0,0,0,forex
BUY,XAUUSD,2021-09-13,1787.15,0,S60,0.01,0,0,0,forex
BUY,EURCAD,2021-09-13,1.49178,1,S60,0.01,0,0,0,forex
SELL,XAUUSD,2021-09-13,1790.82,1,S60,0.01,0,0,0,forex
SELL,XAUUSD,2021-09-13,1792.27,1,S60,0.01,0,0,0,forex
SELL,XAUUSD,2021-09-13,1796.17,0,S60,0.01,0,0,0,forex
SELL,XAUUSD,2021-09-13,1797.82,1,S60,0.01,0,0,0,forex
SELL,USDCHF,2021-09-14,0.92226,1,S60,0.01,0,1,0,forex
BUY,XAUUSD,2021-09-14,1783.01,1,S60,0.01,0,1,0,forex
SELL,XAUUSD,2021-09-14,1791.78,1,S60,0.01,0,1,0,forex
SELL,XAUUSD,2021-09-14,1796.13,1,S60,0.01,0,1,0,forex
SELL,XAUUSD,2021-09-14,1798.68,1,S60,0.01,0,1,0,forex
SELL,GBPUSD,2021-09-14,1.38884,1,S60,0.01,0,1,0,forex
SELL,XAUUSD,2021-09-15,1804.15,1,S60,0.01,0,2,0,forex
BUY,XAUUSD,2021-09-15,1796.21,1,S60,0.01,0,2,0,forex
BUY,EURCAD,2021-09-15,1.49412,1,S60,0.01,0,2,0,forex
BUY,XAUUSD,2021-09-15,1794.84,1,S60,0.01,0,2,0,forex
BUY,EURCAD,2021-09-15,1.4952,1,S60,0.02,0,2,0,forex
BUY,XAUUSD,2021-09-15,1795.22,1,S60,0.01,0,2,0,forex
SELL,XAUUSD,2021-09-15,1795.68,1,S60,0.01,0,2,0,forex
BUY,EURCAD,2021-09-15,1.49426,1,S60,0.02,0,2,0,forex
BUY,EURNZD,2021-09-16,1.65804,1,S60,0.02,0,3,0,forex
BUY,EURNZD,2021-09-16,1.65505,1,S60,0.01,0,3,0,forex
BUY,XAUUSD,2021-09-16,1765.76,0,S60,0.01,0,3,0,forex
BUY,XAUUSD,2021-09-16,1763.11,0,S60,0.01,0,3,0,forex
BUY,XAUUSD,2021-09-16,1759.82,0,S60,0.01,0,3,0,forex
SELL,USDCHF,2021-09-16,0.92634,1,S60,0.02,0,3,0,forex
SELL,EURCAD,2021-09-20,1.506,1,S60,0.02,0,0,0,forex
SELL,EURCAD,2021-09-20,1.50804,1,S60,0.02,0,0,0,forex
SELL,USDCAD,2021-09-20,1.28489,1,S60,0.02,0,0,0,forex
BUY,GBPJPY,2021-09-20,149.88,1,S60,0.01,0,0,0,forex
BUY,EURUSD,2021-09-20,1.17179,1,S60,0.01,0,0,0,forex
BUY,GBPJPY,2021-09-20,149.65,1,S60,0.02,0,0,0,forex
BUY,GBPUSD,2021-09-21,1.36604,1,S60,0.02,0,1,0,forex
SELL,EURGBP,2021-09-22,0.85829,0,S60,0.02,0,2,0,forex
SELL,EURGBP,2021-09-22,0.86035,1,S60,0.02,0,2,0,forex
BUY,GBPUSD,2021-09-22,1.36259,1,S60,0.02,0,2,0,forex
BUY,GBPUSD,2021-09-22,1.36184,1,S60,0.02,0,2,0,forex
BUY,GBPUSD,2021-09-22,1.36134,1,S60,0.02,0,2,0,forex
BUY,EURUSD,2021-09-22,1.16929,1,S60,0.02,0,2,0,forex
BUY,EURCAD,2021-09-22,1.49153,1,S60,0.02,0,2,0,forex
BUY,EURGBP,2021-09-23,0.85515,0,S60,0.01,0,3,0,forex
BUY,EURCAD,2021-09-23,1.48407,1,S60,0.02,0,3,0,forex
BUY,EURNZD,2021-09-23,1.66173,0,S60,0.02,0,3,0,forex
BUY,EURNZD,2021-09-23,1.65974,0,S60,0.02,0,3,0,forex
BUY,EURNZD,2021-09-23,1.658,1,S60,0.02,0,3,0,forex
BUY,EURNZD,2021-09-23,1.65673,1,S60,0.01,0,3,0,forex
SELL,GBPJPY,2021-09-24,151.535,1,S60,0.02,0,4,0,forex
BUY,EURNZD,2021-09-24,1.67307,0,S60,0.02,0,4,0,forex
SELL,EURNZD,2021-09-27,1.67173,1,S60,0.02,0,0,0,forex
SELL,EURNZD,2021-09-28,1.6771,1,S60,0.02,0,1,0,forex
SELL,EURNZD,2021-09-28,1.67814,1,S60,0.02,0,1,0,forex
SELL,USDCHF,2021-09-30,0.93547,1,S60,0.02,0,3,0,forex
SELL,XAUUSD,2021-09-30,1739.21,1,S60,0.01,0,3,0,forex
BUY,EURGBP,2021-10-01,0.85523,1,S60,0.02,0,4,0,forex
BUY,EURCAD,2021-10-04,1.46569,1,S60,0.02,0,0,0,forex
BUY,USDCAD,2021-10-05,1.26093,1,S60,0.02,0,1,0,forex
BUY,EURNZD,2021-10-05,1.66548,1,S60,0.02,0,1,0,forex
BUY,EURNZD,2021-10-05,1.66472,1,S60,0.02,0,1,0,forex
BUY,EURNZD,2021-10-05,1.66541,1,S60,0.02,0,1,0,forex
BUY,EURNZD,2021-10-05,1.66449,1,S60,0.02,0,1,0,forex
SELL,GBPJPY,2021-10-05,151.962,1,S60,0.02,0,1,0,forex
BUY,EURNZD,2021-10-06,1.66625,1,S60,0.02,0,2,0,forex
BUY,EURUSD,2021-10-06,1.15401,0,S60,0.02,0,2,0,forex
SELL,USDCAD,2021-10-06,1.26424,1,S60,0.02,0,2,0,forex
SELL,USDCAD,2021-10-06,1.26394,1,S60,0.02,0,2,0,forex
SELL,USDCAD,2021-10-06,1.26353,1,S60,0.02,0,2,0,forex
SELL,USDCAD,2021-10-06,1.26218,1,S60,0.02,0,2,0,forex
BUY,EURCAD,2021-10-06,1.45645,1,S60,0.02,0,2,0,forex
SELL,XAUUSD,2021-10-06,1758.24,1,S60,0.01,0,2,0,forex
SELL,USDCAD,2021-10-06,1.26305,1,S60,0.02,0,2,0,forex
BUY,EURCAD,2021-10-06,1.45449,1,S60,0.03,0,2,0,forex
SELL,XAUUSD,2021-10-07,1763.12,1,S60,0.01,0,3,0,forex
BUY,XAUUSD,2021-10-07,1754.35,1,S60,0.01,0,3,0,forex
BUY,XAUUSD,2021-10-07,1752.6,1,S60,0.01,0,3,0,forex
SELL,XAUUSD,2021-10-07,1760.79,1,S60,0.01,0,3,0,forex
SELL,XAUUSD,2021-10-07,1762.02,1,S60,0.01,0,3,0,forex
SELL,GBPJPY,2021-10-08,152.143,0,S60,0.01,0,4,0,forex
SELL,GBPJPY,2021-10-08,152.486,0,S60,0.01,0,4,0,forex
SELL,GBPUSD,2021-10-11,1.36436,1,S60,0.02,0,0,0,forex
SELL,GBPUSD,2021-10-11,1.36584,1,S60,0.02,0,0,0,forex
SELL,GBPJPY,2021-10-11,154.077,0,S60,0.02,0,0,0,forex
SELL,GBPJPY,2021-10-11,154.331,1,S60,0.02,0,0,0,forex
BUY,GBPUSD,2021-10-12,1.35942,1,S60,0.02,0,1,0,forex
BUY,EURNZD,2021-10-12,1.66206,0,S60,0.02,0,1,0,forex
BUY,EURNZD,2021-10-12,1.66049,1,S60,0.02,0,1,0,forex
BUY,EURNZD,2021-10-12,1.65875,1,S60,0.02,0,1,0,forex
SELL,GBPJPY,2021-10-12,154.726,1,S60,0.02,0,1,0,forex
SELL,EURNZD,2021-10-12,1.66294,1,S60,0.02,0,1,0,forex
SELL,XAUUSD,2021-10-12,1768.53,1,S60,0.01,0,1,0,forex
SELL,EURNZD,2021-10-12,1.66438,1,S60,0.02,0,1,0,forex
SELL,EURNZD,2021-10-12,1.66536,1,S60,0.02,0,1,0,forex
SELL,USDCHF,2021-10-13,0.92957,1,S60,0.02,0,2,0,forex
SELL,GBPUSD,2021-10-13,1.36423,1,S60,0.02,0,2,0,forex
SELL,XAUUSD,2021-10-13,1772.81,1,S60,0.01,0,2,0,forex
SELL,EURNZD,2021-10-13,1.66471,1,S60,0.02,0,2,0,forex
SELL,EURNZD,2021-10-13,1.66653,1,S60,0.02,0,2,0,forex
SELL,EURNZD,2021-10-13,1.66808,1,S60,0.02,0,2,0,forex
SELL,GBPJPY,2021-10-15,157.254,1,S60,0.02,0,4,0,forex
BUY,EURNZD,2021-10-18,1.63516,1,S60,0.01,0,0,0,forex
BUY,XAUUSD,2021-10-18,1762.87,1,S60,0.01,0,0,0,forex
BUY,EURNZD,2021-10-18,1.6397,1,S60,0.02,0,0,0,forex
SELL,XAUUSD,2021-10-22,1806.4,0,S60,0.01,0,4,0,forex
SELL,XAUUSD,2021-10-22,1805.05,0,S60,0.01,0,4,0,forex
SELL,XAUUSD,2021-10-22,1805.9,0,S60,0.01,0,4,0,forex
SELL,EURCAD,2021-10-25,1.44024,1,S60,0.02,0,0,0,forex
BUY,EURCAD,2021-10-25,1.43506,1,S60,0.03,0,0,0,forex
SELL,GBPUSD,2021-10-26,1.3828,1,S60,0.03,0,1,0,forex
BUY,EURNZD,2021-10-26,1.61728,1,S60,0.03,0,1,0,forex
SELL,GBPJPY,2021-10-26,157.601,1,S60,0.03,0,1,0,forex
SELL,USDCAD,2021-10-27,1.239,1,S60,0.03,0,2,0,forex
SELL,USDCAD,2021-10-27,1.23893,1,S60,0.02,0,2,0,forex
SELL,EURCAD,2021-10-27,1.43937,1,S60,0.03,0,2,0,forex
SELL,EURCAD,2021-10-27,1.44066,1,S60,0.02,0,2,0,forex
SELL,EURCAD,2021-10-27,1.44251,1,S60,0.01,0,2,0,forex
BUY,EURCAD,2021-10-27,1.43415,0,S60,0.03,0,2,0,forex
BUY,EURCAD,2021-10-27,1.43245,1,S60,0.02,0,2,0,forex
BUY,EURCAD,2021-10-27,1.43069,1,S60,0.01,0,2,0,forex
BUY,EURCAD,2021-10-27,1.4301,1,S60,0.01,0,2,0,forex
SELL,XAUUSD,2021-10-27,1797.85,1,S60,0.01,0,2,0,forex
BUY,EURNZD,2021-10-28,1.61947,1,S60,0.02,0,3,0,forex
BUY,EURNZD,2021-10-28,1.61699,1,S60,0.02,0,3,0,forex
BUY,EURNZD,2021-10-28,1.61434,1,S60,0.02,0,3,0,forex
SELL,EURUSD,2021-10-28,1.16417,1,S60,0.02,0,3,0,forex
BUY,USDCHF,2021-10-29,0.91117,1,S60,0.02,0,4,0,forex
BUY,XAUUSD,2021-10-29,1786.74,1,S60,0.01,0,4,0,forex
BUY,XAUUSD,2021-10-29,1783.27,1,S60,0.01,0,4,0,forex
BUY,XAUUSD,2021-10-29,1778.97,1,S60,0.01,0,4,0,forex
BUY,GBPCAD,2021-11-01,1.68949,1,S60,0.03,0,0,0,forex
BUY,EURNZD,2021-11-01,1.61144,0,S60,0.03,0,0,0,forex
BUY,EURNZD,2021-11-01,1.61019,1,S60,0.02,0,0,0,forex
SELL,XAUUSD,2021-11-02,1791.54,1,S60,0.01,0,1,0,forex
SELL,XAUUSD,2021-11-02,1790.16,0,S60,0.01,0,1,0,forex
BUY,USDCHF,2021-11-02,0.91057,1,S60,0.03,0,1,0,forex
SELL,USDCAD,2021-11-02,1.24064,1,S60,0.03,0,1,0,forex
SELL,EURNZD,2021-11-02,1.62572,0,S60,0.03,0,1,0,forex
SELL,EURNZD,2021-11-02,1.62685,1,S60,0.02,0,1,0,forex
SELL,EURNZD,2021-11-02,1.6289,1,S60,0.02,0,1,0,forex
BUY,AUDUSD,2021-11-03,0.74402,0,S60,0.03,0,2,0,forex
SELL,USDCAD,2021-11-03,1.24141,0,S60,0.03,0,2,0,forex
SELL,USDCAD,2021-11-03,1.2431,1,S60,0.02,0,2,0,forex
SELL,USDCAD,2021-11-03,1.24526,1,S60,0.02,0,2,0,forex
BUY,XAUUSD,2021-11-03,1763.12,1,S60,0.01,0,2,0,forex
BUY,XAUUSD,2021-11-03,1771.6,1,S60,0.01,0,2,0,forex
SELL,XAUUSD,2021-11-10,1854.32,1,S60,0.01,0,2,0,forex
SELL,XAUUSD,2021-11-10,1857.44,1,S60,0.01,0,2,0,forex
SELL,XAUUSD,2021-11-10,1862.41,1,S60,0.01,0,2,0,forex
SELL,XAUUSD,2021-11-10,1867.59,1,S60,0.01,0,2,0,forex
SELL,USDCAD,2021-11-11,1.25268,0,S60,0.01,0,3,0,forex
BUY,EURUSD,2021-11-15,1.14426,1,S60,0.02,0,0,0,forex
SELL,GBPCAD,2021-11-19,1.69907,1,S60,0.03,0,4,0,forex
SELL,GBPCAD,2021-11-19,1.69898,0,S60,0.02,0,4,0,forex
SELL,GBPCAD,2021-11-19,1.69923,1,S60,0.02,0,4,0,forex
SELL,GBPCAD,2021-11-19,1.70152,1,S60,0.02,0,4,0,forex
SELL,USDCAD,2021-11-19,1.26439,1,S60,0.02,0,4,0,forex
SELL,EURNZD,2021-11-25,1.63584,1,S60,0.02,0,3,0,forex
BUY,EURNZD,2021-12-06,1.67522,0,S60,0.02,0,0,0,forex
SELL,EURNZD,2021-12-06,1.67469,1,S60,0.02,0,0,0,forex
SELL,EURCAD,2021-12-06,1.44553,1,S60,0.02,0,0,0,forex
BUY,EURCAD,2021-12-06,1.4459,0,S60,0.02,0,0,0,forex
SELL,GBPCAD,2021-12-06,1.69772,0,S60,0.02,0,0,0,forex
BUY,GBPCAD,2021-12-06,1.69822,0,S60,0.02,0,0,0,forex
SELL,USDCHF,2021-12-06,0.92275,0,S60,0.02,0,0,0,forex
BUY,EURCAD,2021-12-08,1.42526,1,S60,0.02,0,2,0,forex
SELL,EURNZD,2021-12-08,1.66676,1,S60,0.02,0,2,0,forex
SELL,EURGBP,2021-12-08,0.85513,0,S60,0.01,0,2,0,forex
BUY,GBPCAD,2021-12-08,1.66715,1,S60,0.02,0,2,0,forex
SELL,USDCAD,2021-12-10,1.27052,1,S60,0.02,0,4,0,forex
SELL,AUDUSD,2021-12-10,0.71786,1,S60,0.01,0,4,0,forex
SELL,XAUUSD,2021-12-10,1784.24,1,S60,0.01,0,4,0,forex
SELL,USDCAD,2021-12-10,1.27045,1,S60,0.02,0,4,0,forex
SELL,USDCAD,2021-12-10,1.27296,1,S60,0.01,0,4,0,forex
SELL,XAUUSD,2021-12-16,1786.33,0,S60,0.01,0,3,0,forex
SELL,XAUUSD,2021-12-17,1806.51,0,S60,0.01,0,4,0,forex
SELL,USDCAD,2022-04-22,1.25888,0,S60,0.01,0,4,0,forex
SELL,USDCAD,2022-04-22,1.26157,0,S60,0.01,0,4,0,forex
SELL,USDCAD,2022-04-22,1.26663,1,S60,0.01,0,4,0,forex
BUY,XAUUSD,2022-04-22,1933.1,1,S60,0.01,0,4,0,forex
SELL,EURCAD,2022-04-22,1.3711,1,S60,0.01,0,4,0,forex
BUY,XAUUSD,2022-04-22,1934.85,1,S60,0.01,0,4,0,forex
SELL,EURCAD,2022-04-22,1.37074,1,S60,0.01,0,4,0,forex
BUY,XAUUSD,2022-04-22,1932.28,1,S60,0.01,0,4,0,forex
BUY,XAUUSD,2022-04-22,1931.61,1,S60,0.01,0,4,0,forex
SELL,EURCAD,2022-04-22,1.37225,1,S60,0.01,0,4,0,forex
BUY,GBPUSD,2022-04-22,1.2889,1,S60,0.01,0,4,0,forex
SELL,XAUUSD,2022-04-22,1938.63,1,S60,0.01,0,4,0,forex
BUY,XAUUSD,2022-04-22,1933.13,1,S60,0.01,0,4,0,forex
BUY,XAUUSD,2022-04-22,1931.63,1,S60,0.01,0,4,0,forex
SELL,XAUUSD,2022-04-22,1936.65,1,S60,0.01,0,4,0,forex
SELL,XAUUSD,2022-04-22,1936.28,0,S60,0.01,0,4,0,forex
SELL,XAUUSD,2022-04-22,1938.27,0,S60,0.01,0,4,0,forex
SELL,XAUUSD,2022-04-22,1943.08,1,S60,0.01,0,4,0,forex
BUY,XAUUSD,2022-04-25,1917.07,0,S60,0.01,0,0,0,forex
BUY,XAUUSD,2022-04-25,1911.68,0,S60,0.01,0,0,0,forex
BUY,XAUUSD,2022-04-25,1907.14,0,S60,0.01,0,0,0,forex
SELL,XAUUSD,2022-04-29,1917.69,1,S60,0.01,0,4,0,forex
SELL,XAUUSD,2022-04-29,1915.63,1,S60,0.01,0,4,0,forex
SELL,XAUUSD,2022-04-29,1918.62,1,S60,0.01,0,4,0,forex
SELL,XAUUSD,2022-04-29,1912.76,1,S60,0.01,0,4,0,forex
SELL,XAUUSD,2022-04-29,1911.39,1,S60,0.01,0,4,0,forex
BUY,XAUUSD,2022-05-03,1862.61,1,S60,0.01,0,1,0,forex
SELL,EURNZD,2022-05-04,1.63577,1,S60,0.01,0,2,0,forex
SELL,USDCHF,2022-05-04,0.97903,1,S60,0.01,0,2,0,forex
SELL,USDCHF,2022-05-04,0.98096,1,S60,0.01,0,2,0,forex
SELL,USDCHF,2022-05-04,0.98335,1,S60,0.01,0,2,0,forex
SELL,AUDUSD,2022-05-05,0.72552,1,S60,0.01,0,3,0,forex
SELL,XAUUSD,2022-05-05,1887.75,0,S60,0.01,0,3,0,forex
SELL,XAUUSD,2022-05-05,1892.96,0,S60,0.01,0,3,0,forex
SELL,XAUUSD,2022-05-05,1900.01,1,S60,0.01,0,3,0,forex
SELL,EURNZD,2022-05-06,1.63985,1,S60,0.01,0,4,0,forex
SELL,EURNZD,2022-05-06,1.6379,0,S60,0.02,0,4,0,forex
SELL,EURNZD,2022-05-06,1.64101,1,S60,0.01,0,4,0,forex
SELL,EURNZD,2022-05-06,1.64471,1,S60,0.01,0,4,0,forex
SELL,EURNZD,2022-05-06,1.64792,1,S60,0.01,0,4,0,forex
SELL,EURGBP,2022-05-06,0.85668,1,S60,0.01,0,4,0,forex
SELL,EURNZD,2022-05-06,1.64729,1,S60,0.01,0,4,0,forex
SELL,EURNZD,2022-05-06,1.64888,1,S60,0.01,0,4,0,forex
SELL,USDCAD,2022-05-09,1.29175,1,S60,0.01,0,0,0,forex
SELL,USDCAD,2022-05-09,1.294,1,S60,0.01,0,0,0,forex
BUY,XAUUSD,2022-05-09,1859.73,1,S60,0.01,0,0,0,forex
SELL,EURNZD,2022-05-09,1.65799,1,S60,0.01,0,0,0,forex
BUY,XAUUSD,2022-05-09,1866.68,0,S60,0.01,0,0,0,forex
BUY,XAUUSD,2022-05-09,1863.23,1,S60,0.01,0,0,0,forex
SELL,USDCAD,2022-05-09,1.29429,0,S60,0.01,0,0,0,forex
BUY,XAUUSD,2022-05-09,1860.76,1,S60,0.01,0,0,0,forex
SELL,USDCAD,2022-05-09,1.29574,1,S60,0.01,0,0,0,forex
SELL,USDCAD,2022-05-09,1.29684,1,S60,0.01,0,0,0,forex
BUY,XAUUSD,2022-05-10,1853.07,1,S60,0.01,0,1,0,forex
SELL,USDCAD,2022-05-10,1.30115,1,S60,0.01,0,1,0,forex
SELL,USDCAD,2022-05-10,1.3031,1,S60,0.01,0,1,0,forex
BUY,XAUUSD,2022-05-10,1857.65,1,S60,0.01,0,1,0,forex
BUY,XAUUSD,2022-05-10,1858.01,1,S60,0.01,0,1,0,forex
BUY,XAUUSD,2022-05-10,1857.77,1,S60,0.01,0,1,0,forex
SELL,USDCAD,2022-05-10,1.3,1,S60,0.01,0,1,0,forex
SELL,USDCAD,2022-05-10,1.3009,1,S60,0.01,0,1,0,forex
SELL,XAUUSD,2022-05-10,1863.05,1,S60,0.01,0,1,0,forex
BUY,XAUUSD,2022-05-10,1860.04,0,S60,0.01,0,1,0,forex
BUY,XAUUSD,2022-05-10,1857.01,1,S60,0.01,0,1,0,forex
SELL,XAUUSD,2022-05-10,1861.88,0,S60,0.01,0,1,0,forex
SELL,XAUUSD,2022-05-10,1863.82,1,S60,0.01,0,1,0,forex
BUY,XAUUSD,2022-05-10,1860.2,0,S60,0.01,0,1,0,forex
BUY,XAUUSD,2022-05-10,1856.33,1,S60,0.01,0,1,0,forex
BUY,XAUUSD,2022-05-10,1854.24,1,S60,0.01,0,1,0,forex
BUY,XAUUSD,2022-05-11,1835.27,1,S60,0.01,0,2,0,forex
SELL,XAUUSD,2022-05-11,1852.25,1,S60,0.01,0,2,0,forex
SELL,XAUUSD,2022-05-11,1851.71,1,S60,0.01,0,2,0,forex
SELL,XAUUSD,2022-05-11,1850.21,1,S60,0.01,0,2,0,forex
BUY,XAUUSD,2022-05-11,1838.6,1,S60,0.01,0,2,0,forex
BUY,XAUUSD,2022-05-11,1839.25,0,S60,0.01,0,2,0,forex
BUY,XAUUSD,2022-05-11,1836.26,1,S60,0.01,0,2,0,forex
SELL,XAUUSD,2022-05-11,1843.73,0,S60,0.01,0,2,0,forex
SELL,XAUUSD,2022-05-11,1845.82,0,S60,0.01,0,2,0,forex
SELL,XAUUSD,2022-05-11,1848.22,1,S60,0.01,0,2,0,forex
SELL,XAUUSD,2022-05-11,1853.86,1,S60,0.01,0,2,0,forex
SELL,EURNZD,2022-05-12,1.67168,0,S60,0.01,0,3,0,forex
SELL,EURNZD,2022-05-12,1.67328,0,S60,0.01,0,3,0,forex
SELL,EURNZD,2022-05-12,1.67624,1,S60,0.01,0,3,0,forex
SELL,EURNZD,2022-05-12,1.679,1,S60,0.01,0,3,0,forex
BUY,EURUSD,2022-05-12,1.04325,1,S60,0.01,0,3,0,forex
BUY,EURUSD,2022-05-12,1.04296,1,S60,0.01,0,3,0,forex
SELL,XAUUSD,2022-05-12,1844.85,0,S60,0.01,0,3,0,forex
SELL,XAUUSD,2022-05-12,1847.44,1,S60,0.01,0,3,0,forex
BUY,XAUUSD,2022-05-12,1841.78,1,S60,0.01,0,3,0,forex
SELL,USDCAD,2022-05-12,1.30436,1,S60,0.01,0,3,0,forex
BUY,EURCAD,2022-05-12,1.35677,1,S60,0.01,0,3,0,forex
SELL,XAUUSD,2022-05-12,1844.38,1,S60,0.01,0,3,0,forex
SELL,XAUUSD,2022-05-12,1846.19,1,S60,0.01,0,3,0,forex
SELL,XAUUSD,2022-05-12,1846.92,1,S60,0.01,0,3,0,forex
BUY,XAUUSD,2022-05-12,1838.36,1,S60,0.01,0,3,0,forex
SELL,USDCHF,2022-05-12,0.99994,1,S60,0.01,0,3,0,forex
BUY,XAUUSD,2022-05-12,1840.17,0,S60,0.01,0,3,0,forex
BUY,XAUUSD,2022-05-12,1838.31,1,S60,0.01,0,3,0,forex
BUY,XAUUSD,2022-05-13,1819.53,0,S60,0.01,0,4,0,forex
BUY,XAUUSD,2022-05-13,1816.45,1,S60,0.01,0,4,0,forex
BUY,XAUUSD,2022-05-13,1818.08,1,S60,0.01,0,4,0,forex
BUY,EURCAD,2022-05-13,1.35115,1,S60,0.01,0,4,0,forex
BUY,XAUUSD,2022-05-13,1823.57,1,S60,0.02,0,4,0,forex
BUY,XAUUSD,2022-05-13,1824.61,0,S60,0.02,0,4,0,forex
BUY,XAUUSD,2022-05-13,1818.44,0,S60,0.01,0,4,0,forex
BUY,XAUUSD,2022-05-13,1817.05,0,S60,0.01,0,4,0,forex
BUY,XAUUSD,2022-05-13,1813.73,1,S60,0.01,0,4,0,forex
BUY,XAUUSD,2022-05-13,1809.7,1,S60,0.01,0,4,0,forex
BUY,XAUUSD,2022-05-13,1803.38,1,S60,0.01,0,4,0,forex
BUY,XAUUSD,2022-05-16,1816.09,1,S60,0.01,0,0,0,forex
BUY,EURCAD,2022-05-16,1.34369,1,S60,0.01,0,0,0,forex
SELL,EURNZD,2022-05-16,1.66234,0,S60,0.01,0,0,0,forex
SELL,EURNZD,2022-05-16,1.66375,1,S60,0.01,0,0,0,forex
SELL,EURNZD,2022-05-16,1.66718,1,S60,0.01,0,0,0,forex
SELL,XAUUSD,2022-05-16,1805.8,1,S60,0.01,0,0,0,forex
BUY,XAUUSD,2022-05-16,1800.42,1,S60,0.01,0,0,0,forex
SELL,XAUUSD,2022-05-16,1803.71,0,S60,0.01,0,0,0,forex
SELL,XAUUSD,2022-05-16,1805.25,0,S60,0.01,0,0,0,forex
SELL,XAUUSD,2022-05-16,1808.82,1,S60,0.01,0,0,0,forex
SELL,XAUUSD,2022-05-16,1808.15,1,S60,0.01,0,0,0,forex
BUY,EURCAD,2022-05-16,1.34342,1,S60,0.01,0,0,0,forex
BUY,EURCAD,2022-05-17,1.3411,1,S60,0.02,0,1,0,forex
SELL,XAUUSD,2022-05-17,1828.56,1,S60,0.01,0,1,0,forex
SELL,GBPUSD,2022-05-17,1.24569,1,S60,0.01,0,1,0,forex
SELL,GBPUSD,2022-05-17,1.24748,1,S60,0.01,0,1,0,forex
SELL,XAUUSD,2022-05-17,1834.1,1,S60,0.01,0,1,0,forex
SELL,EURNZD,2022-05-17,1.6577,1,S60,0.01,0,1,0,forex
SELL,GBPUSD,2022-05-17,1.24771,1,S60,0.02,0,1,0,forex
SELL,EURNZD,2022-05-17,1.66141,1,S60,0.01,0,1,0,forex
SELL,GBPUSD,2022-05-18,1.24915,1,S60,0.01,0,2,0,forex
SELL,GBPUSD,2022-05-18,1.2487,1,S60,0.01,0,2,0,forex
SELL,EURNZD,2022-05-18,1.65934,1,S60,0.01,0,2,0,forex
SELL,EURNZD,2022-05-18,1.65848,1,S60,0.01,0,2,0,forex
BUY,USDCHF,2022-05-18,0.99005,1,S60,0.01,0,2,0,forex
BUY,USDCHF,2022-05-18,0.98839,1,S60,0.01,0,2,0,forex
SELL,EURNZD,2022-05-19,1.66284,1,S60,0.02,0,3,0,forex
SELL,EURNZD,2022-05-19,1.66628,1,S60,0.01,0,3,0,forex
SELL,XAUUSD,2022-05-19,1829.6,0,S60,0.01,0,3,0,forex
SELL,XAUUSD,2022-05-19,1831.58,1,S60,0.01,0,3,0,forex
SELL,XAUUSD,2022-05-19,1830.75,0,S60,0.01,0,3,0,forex
SELL,XAUUSD,2022-05-19,1833.11,1,S60,0.01,0,3,0,forex
SELL,XAUUSD,2022-05-19,1838.61,1,S60,0.01,0,3,0,forex
SELL,GBPUSD,2022-05-19,1.24736,0,S60,0.01,0,3,0,forex
SELL,XAUUSD,2022-05-19,1839.28,0,S60,0.01,0,3,0,forex
SELL,GBPUSD,2022-05-19,1.25065,1,S60,0.01,0,3,0,forex
SELL,XAUUSD,2022-05-19,1843.55,1,S60,0.01,0,3,0,forex
SELL,XAUUSD,2022-05-19,1847.84,1,S60,0.01,0,3,0,forex
SELL,GBPUSD,2022-05-20,1.24791,1,S60,0.01,0,4,0,forex
SELL,XAUUSD,2022-05-20,1842.71,1,S60,0.01,0,4,0,forex
SELL,XAUUSD,2022-05-20,1845.55,1,S60,0.01,0,4,0,forex
SELL,XAUUSD,2022-05-20,1845.18,1,S60,0.01,0,4,0,forex
SELL,XAUUSD,2022-05-20,1842.7,1,S60,0.01,0,4,0,forex
SELL,XAUUSD,2022-05-20,1842.25,1,S60,0.01,0,4,0,forex
SELL,XAUUSD,2022-05-20,1838.41,1,S60,0.01,0,4,0,forex
SELL,EURGBP,2022-05-24,0.85787,1,S60,0.02,0,1,0,forex
SELL,EURNZD,2022-05-24,1.66224,1,S60,0.01,0,1,0,forex
SELL,EURNZD,2022-05-24,1.66136,0,S60,0.01,0,1,0,forex
SELL,EURNZD,2022-05-24,1.66435,1,S60,0.01,0,1,0,forex
SELL,EURNZD,2022-05-24,1.66548,1,S60,0.01,0,1,0,forex
SELL,EURNZD,2022-05-24,1.66918,1,S60,0.01,0,1,0,forex
SELL,EURNZD,2022-05-25,1.66442,1,S60,0.01,0,2,0,forex
SELL,EURNZD,2022-05-25,1.66521,1,S60,0.01,0,2,0,forex
SELL,USDCAD,2022-05-25,1.28732,1,S60,0.02,0,2,0,forex
SELL,GBPCAD,2022-05-25,1.60792,1,S60,0.01,0,2,0,forex
SELL,GBPCAD,2022-05-25,1.60793,1,S60,0.01,0,2,0,forex
SELL,GBPCAD,2022-05-25,1.60866,1,S60,0.01,0,2,0,forex
BUY,USDCAD,2022-05-25,1.2827,1,S60,0.01,0,2,0,forex
BUY,USDCAD,2022-05-25,1.28187,1,S60,0.01,0,2,0,forex
SELL,GBPCAD,2022-05-26,1.61269,1,S60,0.01,0,3,0,forex
SELL,GBPCAD,2022-05-26,1.61519,1,S60,0.01,0,3,0,forex
SELL,GBPCAD,2022-05-26,1.618,1,S60,0.01,0,3,0,forex
SELL,EURNZD,2022-05-26,1.65496,0,S60,0.02,0,3,0,forex
SELL,EURNZD,2022-05-26,1.65636,1,S60,0.01,0,3,0,forex
BUY,GBPCAD,2022-05-26,1.60719,1,S60,0.01,0,3,0,forex
SELL,EURNZD,2022-05-26,1.65789,1,S60,0.01,0,3,0,forex
SELL,GBPUSD,2022-05-27,1.26045,0,S60,0.02,0,4,0,forex
SELL,GBPUSD,2022-05-27,1.26204,1,S60,0.01,0,4,0,forex
SELL,GBPUSD,2022-05-27,1.26571,1,S60,0.01,0,4,0,forex
SELL,XAUUSD,2022-05-27,1859.74,1,S60,0.01,0,4,0,forex
SELL,XAUUSD,2022-05-27,1858.83,0,S60,0.01,0,4,0,forex
SELL,XAUUSD,2022-05-27,1860.75,1,S60,0.01,0,4,0,forex
BUY,XAUUSD,2022-05-27,1852.96,0,S60,0.01,0,4,0,forex
SELL,GBPUSD,2022-05-27,1.26268,1,S60,0.01,0,4,0,forex
SELL,XAUUSD,2022-05-27,1856.8,0,S60,0.01,0,4,0,forex
SELL,XAUUSD,2022-05-27,1859.54,1,S60,0.01,0,4,0,forex
SELL,GBPUSD,2022-05-27,1.26497,1,S60,0.01,0,4,0,forex
SELL,GBPUSD,2022-05-27,1.26472,1,S60,0.02,0,4,0,forex
SELL,XAUUSD,2022-05-27,1856.97,1,S60,0.01,0,4,0,forex
SELL,XAUUSD,2022-05-30,1857.14,0,S60,0.01,0,0,0,forex
SELL,XAUUSD,2022-05-30,1859.42,0,S60,0.01,0,0,0,forex
SELL,GBPUSD,2022-05-30,1.26447,1,S60,0.02,0,0,0,forex
SELL,GBPUSD,2022-05-30,1.2648,1,S60,0.02,0,0,0,forex
SELL,GBPUSD,2022-05-30,1.26542,1,S60,0.02,0,0,0,forex
SELL,GBPUSD,2022-05-30,1.26464,1,S60,0.02,0,0,0,forex
SELL,GBPUSD,2022-05-30,1.26475,1,S60,0.02,0,0,0,forex
SELL,XAUUSD,2022-05-30,1859.5,1,S60,0.01,0,0,0,forex
SELL,XAUUSD,2022-05-30,1860.78,1,S60,0.01,0,0,0,forex
SELL,GBPUSD,2022-05-30,1.26368,1,S60,0.02,0,0,0,forex
SELL,GBPUSD,2022-05-30,1.26441,1,S60,0.02,0,0,0,forex
SELL,GBPUSD,2022-05-30,1.26483,1,S60,0.02,0,0,0,forex
BUY,GBPUSD,2022-05-31,1.25967,1,S60,0.02,0,1,0,forex
BUY,XAUUSD,2022-05-31,1849.52,1,S60,0.01,0,1,0,forex
BUY,XAUUSD,2022-05-31,1847.95,1,S60,0.01,0,1,0,forex
BUY,GBPUSD,2022-05-31,1.25943,0,S60,0.02,0,1,0,forex
BUY,GBPUSD,2022-05-31,1.25831,1,S60,0.02,0,1,0,forex
BUY,EURCAD,2022-05-31,1.35624,1,S60,0.01,0,1,0,forex
BUY,EURCAD,2022-05-31,1.35599,1,S60,0.01,0,1,0,forex
BUY,XAUUSD,2022-05-31,1847.87,1,S60,0.01,0,1,0,forex
BUY,XAUUSD,2022-05-31,1845.8,1,S60,0.01,0,1,0,forex
SELL,XAUUSD,2022-05-31,1851.61,1,S60,0.01,0,1,0,forex
BUY,XAUUSD,2022-05-31,1848.87,1,S60,0.01,0,1,0,forex
BUY,EURCAD,2022-05-31,1.35477,1,S60,0.02,0,1,0,forex
BUY,NZDUSD,2022-05-31,0.64917,1,S60,0.02,0,1,0,forex
SELL,XAUUSD,2022-05-31,1851.31,0,S60,0.01,0,1,0,forex
SELL,XAUUSD,2022-05-31,1852.36,1,S60,0.01,0,1,0,forex
SELL,XAUUSD,2022-05-31,1854.54,1,S60,0.01,0,1,0,forex
BUY,XAUUSD,2022-05-31,1847.6,0,S60,0.01,0,1,0,forex
BUY,XAUUSD,2022-05-31,1846.12,1,S60,0.01,0,1,0,forex
BUY,XAUUSD,2022-05-31,1844.49,1,S60,0.01,0,1,0,forex
BUY,XAUUSD,2022-06-01,1834.96,1,S60,0.01,0,2,0,forex
SELL,AUDUSD,2022-06-01,0.71964,1,S60,0.02,0,2,0,forex
SELL,GBPUSD,2022-06-01,1.26023,1,S60,0.02,0,2,0,forex
BUY,GBPUSD,2022-06-01,1.25745,0,S60,0.01,0,2,0,forex
BUY,GBPUSD,2022-06-01,1.25628,1,S60,0.02,0,2,0,forex
BUY,XAUUSD,2022-06-01,1829.7,1,S60,0.01,0,2,0,forex
SELL,XAUUSD,2022-06-01,1838.65,0,S60,0.01,0,2,0,forex
SELL,XAUUSD,2022-06-01,1841.49,0,S60,0.01,0,2,0,forex
SELL,XAUUSD,2022-06-01,1844.34,1,S60,0.01,0,2,0,forex
SELL,XAUUSD,2022-06-01,1846.48,1,S60,0.02,0,2,0,forex
BUY,GBPUSD,2022-06-01,1.25117,0,S60,0.02,0,2,0,forex
BUY,GBPCAD,2022-06-01,1.57958,1,S60,0.01,0,2,0,forex
BUY,GBPUSD,2022-06-01,1.24874,1,S60,0.02,0,2,0,forex
SELL,EURNZD,2022-06-01,1.6467,1,S60,0.01,0,2,0,forex
BUY,GBPUSD,2022-06-01,1.24626,1,S60,0.02,0,2,0,forex
SELL,XAUUSD,2022-06-02,1847.13,1,S60,0.01,0,3,0,forex
SELL,XAUUSD,2022-06-02,1854.3,1,S60,0.01,0,3,0,forex
SELL,XAUUSD,2022-06-02,1856.63,1,S60,0.02,0,3,0,forex
SELL,GBPUSD,2022-06-02,1.25411,0,S60,0.02,0,3,0,forex
SELL,XAUUSD,2022-06-02,1857.86,1,S60,0.02,0,3,0,forex
SELL,GBPUSD,2022-06-02,1.25686,1,S60,0.02,0,3,0,forex
SELL,XAUUSD,2022-06-02,1858.46,1,S60,0.02,0,3,0,forex
SELL,XAUUSD,2022-06-02,1860.52,1,S60,0.02,0,3,0,forex
BUY,XAUUSD,2022-06-03,1857.54,1,S60,0.01,0,4,0,forex
BUY,XAUUSD,2022-06-03,1859.16,1,S60,0.01,0,4,0,forex
BUY,GBPCAD,2022-06-03,1.57681,1,S60,0.02,0,4,0,forex
SELL,GBPUSD,2022-06-06,1.25595,1,S60,0.02,0,0,0,forex
SELL,GBPUSD,2022-06-06,1.2549,1,S60,0.02,0,0,0,forex
SELL,GBPUSD,2022-06-06,1.25535,1,S60,0.01,0,0,0,forex
SELL,GBPUSD,2022-06-06,1.25653,1,S60,0.01,0,0,0,forex
SELL,GBPUSD,2022-06-06,1.25466,0,S60,0.03,0,0,0,forex
SELL,GBPUSD,2022-06-06,1.25555,1,S60,0.03,0,0,0,forex
BUY,EURNZD,2022-06-06,1.64165,1,S60,0.02,0,0,0,forex
BUY,EURNZD,2022-06-06,1.64094,1,S60,0.02,0,0,0,forex
SELL,GBPUSD,2022-06-06,1.25529,1,S60,0.03,0,0,0,forex
BUY,XAUUSD,2022-06-06,1847.98,1,S60,0.01,0,0,0,forex
BUY,XAUUSD,2022-06-06,1847.41,1,S60,0.01,0,0,0,forex
BUY,XAUUSD,2022-06-06,1846.24,1,S60,0.01,0,0,0,forex
SELL,GBPUSD,2022-06-06,1.25478,1,S60,0.03,0,0,0,forex
SELL,GBPUSD,2022-06-06,1.25584,1,S60,0.03,0,0,0,forex
BUY,XAUUSD,2022-06-07,1841.54,1,S60,0.01,0,1,0,forex
SELL,EURNZD,2022-06-07,1.64813,0,S60,0.02,0,1,0,forex
BUY,XAUUSD,2022-06-07,1839.35,1,S60,0.01,0,1,0,forex
SELL,EURNZD,2022-06-07,1.64929,0,S60,0.02,0,1,0,forex
SELL,EURNZD,2022-06-07,1.65164,0,S60,0.02,0,1,0,forex
SELL,EURNZD,2022-06-07,1.65558,1,S60,0.03,0,1,0,forex
SELL,EURNZD,2022-06-07,1.65758,1,S60,0.03,0,1,0,forex
SELL,EURNZD,2022-06-08,1.66033,0,S60,0.02,0,2,0,forex
SELL,EURNZD,2022-06-08,1.66195,1,S60,0.02,0,2,0,forex
SELL,EURNZD,2022-06-08,1.66287,1,S60,0.03,0,2,0,forex
SELL,EURGBP,2022-06-08,0.85597,0,S60,0.02,0,2,0,forex
SELL,XAUUSD,2022-06-08,1854.01,1,S60,0.01,0,2,0,forex
SELL,XAUUSD,2022-06-08,1855.76,1,S60,0.01,0,2,0,forex
SELL,XAUUSD,2022-06-08,1858.2,1,S60,0.01,0,2,0,forex
SELL,EURNZD,2022-06-09,1.66227,1,S60,0.03,0,3,0,forex
SELL,EURNZD,2022-06-09,1.66519,1,S60,0.03,0,3,0,forex
SELL,EURNZD,2022-06-09,1.66308,1,S60,0.02,0,3,0,forex
SELL,EURNZD,2022-06-09,1.66538,1,S60,0.03,0,3,0,forex
SELL,EURNZD,2022-06-09,1.66338,0,S60,0.03,0,3,0,forex
SELL,EURNZD,2022-06-09,1.66542,0,S60,0.03,0,3,0,forex
SELL,EURNZD,2022-06-09,1.66968,1,S60,0.04,0,3,0,forex
SELL,XAUUSD,2022-06-09,1852.0,1,S60,0.01,0,3,0,forex
SELL,GBPUSD,2022-06-09,1.25465,1,S60,0.03,0,3,0,forex
SELL,GBPUSD,2022-06-09,1.25456,1,S60,0.04,0,3,0,forex
BUY,XAUUSD,2022-06-09,1846.9,1,S60,0.02,0,3,0,forex
SELL,GBPUSD,2022-06-09,1.25495,1,S60,0.04,0,3,0,forex
BUY,XAUUSD,2022-06-09,1845.22,0,S60,0.02,0,3,0,forex
BUY,XAUUSD,2022-06-09,1843.46,0,S60,0.02,0,3,0,forex
BUY,XAUUSD,2022-06-09,1840.83,1,S60,0.02,0,3,0,forex
BUY,XAUUSD,2022-06-10,1836.08,1,S60,0.01,0,4,0,forex
BUY,XAUUSD,2022-06-10,1832.9,1,S60,0.01,0,4,0,forex
SELL,XAUUSD,2022-06-10,1843.94,1,S60,0.01,0,4,0,forex
SELL,XAUUSD,2022-06-10,1841.65,1,S60,0.01,0,4,0,forex
BUY,XAUUSD,2022-06-10,1829.32,1,S60,0.01,0,4,0,forex
SELL,EURNZD,2022-06-15,1.68231,1,S60,0.01,0,2,0,forex
SELL,XAUUSD,2022-06-15,1832.39,1,S60,0.01,0,2,0,forex
SELL,XAUUSD,2022-06-15,1830.77,1,S60,0.01,0,2,0,forex
SELL,XAUUSD,2022-06-15,1834.77,1,S60,0.01,0,2,0,forex
BUY,EURNZD,2022-06-15,1.66741,1,S60,0.01,0,2,0,forex
SELL,XAUUSD,2022-06-15,1828.7,1,S60,0.01,0,2,0,forex
BUY,EURCAD,2022-06-15,1.3487,0,S60,0.02,0,2,0,forex
BUY,EURCAD,2022-06-15,1.34672,1,S60,0.01,0,2,0,forex
SELL,XAUUSD,2022-06-15,1835.89,1,S60,0.01,0,2,0,forex
SELL,XAUUSD,2022-06-15,1838.16,1,S60,0.01,0,2,0,forex
SELL,XAUUSD,2022-06-17,1849.82,1,S60,0.01,0,4,0,forex
SELL,XAUUSD,2022-06-20,1843.65,1,S60,0.01,0,0,0,forex
SELL,EURNZD,2022-06-21,1.66245,0,S60,0.01,0,1,0,forex
SELL,EURNZD,2022-06-21,1.66523,1,S60,0.01,0,1,0,forex
SELL,EURNZD,2022-06-21,1.66944,1,S60,0.02,0,1,0,forex
SELL,XAUUSD,2022-06-21,1838.65,0,S60,0.01,0,1,0,forex
SELL,XAUUSD,2022-06-21,1841.42,1,S60,0.01,0,1,0,forex
SELL,XAUUSD,2022-06-21,1842.97,1,S60,0.01,0,1,0,forex
BUY,XAUUSD,2022-06-23,1826.7,1,S60,0.01,0,3,0,forex
BUY,XAUUSD,2022-06-23,1825.75,1,S60,0.01,0,3,0,forex
SELL,XAUUSD,2022-06-23,1836.45,1,S60,0.01,0,3,0,forex
SELL,XAUUSD,2022-06-23,1836.74,1,S60,0.01,0,3,0,forex
SELL,XAUUSD,2022-06-23,1840.23,1,S60,0.02,0,3,0,forex
SELL,XAUUSD,2022-06-23,1845.69,1,S60,0.02,0,3,0,forex
BUY,XAUUSD,2022-06-24,1824.31,1,S60,0.01,0,4,0,forex
BUY,XAUUSD,2022-06-24,1825.81,1,S60,0.01,0,4,0,forex
BUY,XAUUSD,2022-06-24,1826.52,1,S60,0.02,0,4,0,forex
BUY,XAUUSD,2022-06-24,1824.45,1,S60,0.02,0,4,0,forex
BUY,XAUUSD,2022-06-24,1822.67,1,S60,0.02,0,4,0,forex
BUY,XAUUSD,2022-06-24,1818.8,1,S60,0.03,0,4,0,forex
BUY,XAUUSD,2022-06-24,1826.25,1,S60,0.01,0,4,0,forex
BUY,XAUUSD,2022-06-24,1823.07,1,S60,0.01,0,4,0,forex
SELL,XAUUSD,2022-06-27,1835.77,1,S60,0.01,0,0,0,forex
SELL,XAUUSD,2022-06-27,1833.34,1,S60,0.01,0,0,0,forex
BUY,XAUUSD,2022-06-27,1831.36,1,S60,0.01,0,0,0,forex
BUY,XAUUSD,2022-06-27,1830.0,1,S60,0.01,0,0,0,forex
SELL,EURNZD,2022-06-28,1.68295,1,S60,0.02,0,1,0,forex
BUY,XAUUSD,2022-06-28,1825.09,1,S60,0.01,0,1,0,forex
BUY,XAUUSD,2022-06-28,1822.81,1,S60,0.01,0,1,0,forex
BUY,XAUUSD,2022-06-28,1822.7,1,S60,0.01,0,1,0,forex
BUY,XAUUSD,2022-06-28,1822.85,1,S60,0.02,0,1,0,forex
BUY,XAUUSD,2022-06-28,1820.37,1,S60,0.01,0,1,0,forex
BUY,XAUUSD,2022-06-28,1821.96,0,S60,0.03,0,1,0,forex
BUY,XAUUSD,2022-06-28,1819.54,1,S60,0.03,0,1,0,forex
SELL,EURNZD,2022-06-29,1.6921,1,S60,0.02,0,2,0,forex
BUY,XAUUSD,2022-06-29,1815.08,1,S60,0.01,0,2,0,forex
SELL,XAUUSD,2022-06-29,1819.62,0,S60,0.01,0,2,0,forex
SELL,XAUUSD,2022-06-29,1821.41,0,S60,0.01,0,2,0,forex
SELL,XAUUSD,2022-06-29,1823.16,0,S60,0.02,0,2,0,forex
SELL,XAUUSD,2022-06-29,1825.27,1,S60,0.03,0,2,0,forex
SELL,XAUUSD,2022-06-29,1830.66,1,S60,0.04,0,2,0,forex
BUY,XAUUSD,2022-06-29,1820.66,0,S60,0.01,0,2,0,forex
BUY,XAUUSD,2022-06-29,1817.21,1,S60,0.03,0,2,0,forex
BUY,XAUUSD,2022-06-29,1816.86,1,S60,0.01,0,2,0,forex
BUY,XAUUSD,2022-06-30,1812.46,1,S60,0.01,0,3,0,forex
BUY,XAUUSD,2022-06-30,1809.86,1,S60,0.01,0,3,0,forex
BUY,XAUUSD,2022-06-30,1807.27,1,S60,0.02,0,3,0,forex
BUY,XAUUSD,2022-06-30,1803.37,1,S60,0.03,0,3,0,forex
SELL,XAUUSD,2022-06-30,1820.48,1,S60,0.01,0,3,0,forex
SELL,XAUUSD,2022-06-30,1822.5,1,S60,0.02,0,3,0,forex
BUY,XAUUSD,2022-07-01,1795.9,1,S60,0.01,0,4,0,forex
BUY,XAUUSD,2022-07-01,1792.7,1,S60,0.01,0,4,0,forex
BUY,XAUUSD,2022-07-01,1788.55,1,S60,0.02,0,4,0,forex
BUY,GBPUSD,2022-07-01,1.19911,1,S60,0.02,0,4,0,forex
SELL,XAUUSD,2022-07-01,1803.39,1,S60,0.01,0,4,0,forex
BUY,EURNZD,2022-07-04,1.67229,1,S60,0.01,0,0,0,forex
BUY,XAUUSD,2022-07-04,1806.41,1,S60,0.01,0,0,0,forex
SELL,NZDUSD,2022-07-04,0.62457,1,S60,0.02,0,0,0,forex
SELL,XAUUSD,2022-07-04,1808.12,1,S60,0.01,0,0,0,forex
SELL,XAUUSD,2022-07-04,1809.06,1,S60,0.01,0,0,0,forex
BUY,XAUUSD,2022-07-05,1803.23,1,S60,0.01,0,1,0,forex
BUY,XAUUSD,2022-07-05,1802.48,1,S60,0.01,0,1,0,forex
BUY,XAUUSD,2022-07-05,1801.13,1,S60,0.02,0,1,0,forex
BUY,XAUUSD,2022-07-05,1798.92,1,S60,0.03,0,1,0,forex
BUY,GBPUSD,2022-07-05,1.19721,0,S60,0.02,0,1,0,forex
BUY,XAUUSD,2022-07-05,1798.99,1,S60,0.01,0,1,0,forex
BUY,XAUUSD,2022-07-05,1797.91,0,S60,0.01,0,1,0,forex
BUY,XAUUSD,2022-07-05,1796.62,0,S60,0.02,0,1,0,forex
BUY,XAUUSD,2022-07-05,1794.47,0,S60,0.03,0,1,0,forex
BUY,GBPUSD,2022-07-05,1.19423,1,S60,0.03,0,1,0,forex
BUY,XAUUSD,2022-07-05,1791.51,0,S60,0.04,0,1,0,forex
BUY,XAUUSD,2022-07-05,1788.29,0,S60,0.05,0,1,0,forex
BUY,XAUUSD,2022-07-05,1781.16,0,S60,0.05,0,1,0,forex
BUY,XAUUSD,2022-07-06,1767.58,1,S60,0.02,0,2,0,forex
BUY,XAUUSD,2022-07-06,1765.11,0,S60,0.01,0,2,0,forex
BUY,XAUUSD,2022-07-06,1758.11,0,S60,0.01,0,2,0,forex
BUY,XAUUSD,2022-07-07,1740.4,1,S60,0.01,0,3,0,forex
SELL,XAUUSD,2022-07-22,1717.44,1,S60,0.01,0,4,0,forex
SELL,XAUUSD,2022-08-02,1775.22,0,S60,0.01,0,1,0,forex
SELL,XAUUSD,2022-08-02,1776.66,1,S60,0.01,0,1,0,forex
SELL,EURNZD,2022-08-02,1.62953,1,S60,0.01,0,1,0,forex
SELL,XAUUSD,2022-08-02,1785.16,1,S60,0.01,0,1,0,forex
SELL,EURNZD,2022-08-03,1.63078,1,S60,0.01,0,2,0,forex
SELL,EURNZD,2022-08-03,1.62909,1,S60,0.01,0,2,0,forex
BUY,XAUUSD,2022-08-03,1768.49,1,S60,0.01,0,2,0,forex
BUY,XAUUSD,2022-08-03,1766.43,0,S60,0.01,0,2,0,forex
BUY,XAUUSD,2022-08-03,1762.02,1,S60,0.01,0,2,0,forex
BUY,EURNZD,2022-08-04,1.62056,0,S60,0.01,0,3,0,forex
BUY,EURNZD,2022-08-04,1.61749,1,S60,0.01,0,3,0,forex
SELL,XAUUSD,2022-08-04,1786.73,1,S60,0.01,0,3,0,forex
SELL,EURNZD,2022-08-05,1.626,1,S60,0.01,0,4,0,forex
SELL,EURNZD,2022-08-05,1.62758,1,S60,0.01,0,4,0,forex
BUY,XAUUSD,2022-08-05,1788.96,0,S60,0.01,0,4,0,forex
BUY,XAUUSD,2022-08-05,1779.45,0,S60,0.01,0,4,0,forex
BUY,XAUUSD,2022-08-05,1775.22,0,S60,0.01,0,4,0,forex
BUY,XAUUSD,2022-08-05,1772.59,0,S60,0.01,0,4,0,forex
SELL,XAUUSD,2024-09-25,2660.65,1,S60,0.01,0,2,0,forex
SELL,XAUUSD,2024-09-25,2661.23,0,S60,0.01,0,2,0,forex
SELL,XAUUSD,2024-09-25,2663.02,1,S60,0.01,0,2,0,forex
SELL,XAUUSD,2024-09-25,2664.72,0,S60,0.01,0,2,0,forex
SELL,XAUUSD,2024-09-25,2667.97,1,S60,0.01,0,2,0,forex
BUY,XAUUSD,2024-09-25,2657.21,1,S60,0.01,0,2,0,forex
BUY,XAUUSD,2024-09-25,2657.06,1,S60,0.01,0,2,0,forex
SELL,XAUUSD,2024-09-25,2663.38,1,S60,0.01,0,2,0,forex
SELL,XAUUSD,2024-09-25,2665.21,1,S60,0.01,0,2,0,forex
BUY,EURUSD,2024-09-26,1.11363,1,S60,0.01,0,3,0,forex
SELL,XAUUSD,2024-09-26,2659.36,1,S60,0.01,0,3,0,forex
SELL,XAUUSD,2024-09-26,2661.13,1,S60,0.01,0,3,0,forex
SELL,XAUUSD,2024-09-26,2661.07,1,S60,0.01,0,3,0,forex
SELL,XAUUSD,2024-09-26,2671.11,1,S60,0.01,0,3,0,forex
SELL,XAUUSD,2024-09-27,2671.25,1,S60,0.01,0,4,0,forex
BUY,XAUUSD,2024-09-27,2667.36,1,S60,0.01,0,4,0,forex
SELL,XAUUSD,2024-09-27,2667.19,1,S60,0.01,0,4,0,forex
SELL,XAUUSD,2024-09-27,2665.39,1,S60,0.01,0,4,0,forex
SELL,XAUUSD,2024-09-27,2663.04,0,S60,0.01,0,4,0,forex
SELL,XAUUSD,2024-09-27,2665.65,0,S60,0.01,0,4,0,forex
SELL,XAUUSD,2024-09-27,2668.2,1,S60,0.01,0,4,0,forex
SELL,XAUUSD,2024-09-27,2671.32,1,S60,0.01,0,4,0,forex
SELL,XAUUSD,2024-09-27,2668.69,1,S60,0.01,0,4,0,forex
BUY,XAUUSD,2024-10-02,2649.49,1,S60,0.01,0,2,0,forex
BUY,XAUUSD,2024-10-02,2646.02,1,S60,0.01,0,2,0,forex
SELL,XAUUSD,2024-10-02,2652.32,1,S60,0.01,0,2,0,forex
SELL,XAUUSD,2024-10-02,2650.7,0,S60,0.01,0,2,0,forex
SELL,XAUUSD,2024-10-02,2653.52,1,S60,0.01,0,2,0,forex
SELL,XAUUSD,2024-10-02,2654.86,1,S60,0.01,0,2,0,forex
SELL,XAUUSD,2024-10-02,2658.45,1,S60,0.01,0,2,0,forex
SELL,XAUUSD,2024-10-02,2660.46,1,S60,0.01,0,2,0,forex
SELL,XAUUSD,2024-10-02,2655.75,1,S60,0.01,0,2,0,forex
SELL,XAUUSD,2024-10-03,2657.39,1,S60,0.01,0,3,0,forex
SELL,XAUUSD,2024-10-03,2659.33,1,S60,0.01,0,3,0,forex
BUY,XAUUSD,2024-10-03,2645.82,1,S60,0.01,0,3,0,forex
BUY,XAUUSD,2024-10-03,2644.91,1,S60,0.01,0,3,0,forex
SELL,XAUUSD,2024-10-03,2646.31,1,S60,0.01,0,3,0,forex
SELL,XAUUSD,2024-10-03,2649.09,1,S60,0.01,0,3,0,forex
BUY,XAUUSD,2024-10-03,2646.12,0,S60,0.01,0,3,0,forex
BUY,XAUUSD,2024-10-03,2643.11,1,S60,0.01,0,3,0,forex
SELL,XAUUSD,2024-10-03,2647.6,1,S60,0.01,0,3,0,forex
SELL,XAUUSD,2024-10-03,2649.89,1,S60,0.01,0,3,0,forex
SELL,XAUUSD,2024-10-03,2648.54,1,S60,0.01,0,3,0,forex
SELL,XAUUSD,2024-10-03,2647.97,1,S60,0.01,0,3,0,forex
SELL,XAUUSD,2024-10-03,2648.55,1,S60,0.01,0,3,0,forex
SELL,XAUUSD,2024-10-03,2651.98,1,S60,0.01,0,3,0,forex
SELL,XAUUSD,2024-10-03,2651.87,1,S60,0.01,0,3,0,forex
SELL,XAUUSD,2024-10-04,2654.66,1,S60,0.01,0,4,0,forex
SELL,XAUUSD,2024-10-04,2657.23,1,S60,0.01,0,4,0,forex
SELL,XAUUSD,2024-10-04,2661.81,1,S60,0.01,0,4,0,forex
SELL,XAUUSD,2024-10-07,2657.36,1,S60,0.01,0,0,0,forex
BUY,XAUUSD,2024-10-07,2645.14,1,S60,0.01,0,0,0,forex
BUY,XAUUSD,2024-10-07,2642.82,1,S60,0.01,0,0,0,forex
BUY,XAUUSD,2024-10-07,2638.78,1,S60,0.01,0,0,0,forex
SELL,XAUUSD,2024-10-07,2644.72,1,S60,0.01,0,0,0,forex
SELL,XAUUSD,2024-10-07,2646.36,1,S60,0.01,0,0,0,forex
SELL,XAUUSD,2024-10-07,2648.74,1,S60,0.01,0,0,0,forex
SELL,XAUUSD,2024-10-08,2647.56,1,S60,0.01,0,1,0,forex
SELL,XAUUSD,2024-10-08,2640.41,0,S60,0.01,0,1,0,forex
SELL,XAUUSD,2024-10-08,2643.94,1,S60,0.01,0,1,0,forex
SELL,XAUUSD,2024-10-08,2647.07,1,S60,0.01,0,1,0,forex
SELL,XAUUSD,2024-10-08,2650.18,1,S60,0.01,0,1,0,forex
SELL,XAUUSD,2024-10-10,2617.37,1,S60,0.01,0,3,0,forex
SELL,XAUUSD,2024-10-11,2634.93,0,S60,0.01,0,4,0,forex
BUY,EUR/USD OTC,2025-11-16,1.12654,1,S60,1.0,0,6,1,forex
BUY,EUR/USD OTC,2025-11-16,1.12657,1,S60,1.0,0,6,1,forex
SELL,EUR/USD OTC,2025-11-16,1.12532,1,S60,1.0,0,6,1,forex
SELL,AUD/USD OTC,2025-11-16,0.65225,0,S60,1.0,0,6,1,forex
SELL,AUD/USD OTC,2025-11-17,0.65285,0,S60,1.0,0,0,0,forex
SELL,AUD/USD OTC,2025-11-17,0.65307,0,S60,1.0,0,0,0,forex
SELL,AUD/USD OTC,2025-11-17,0.65357,1,S60,1.0,0,0,0,forex
SELL,AUD/USD OTC,2025-11-17,0.65353,0,S60,1.0,0,0,0,forex
SELL,AUD/USD OTC,2025-11-17,0.65546,0,S60,1.0,0,0,0,forex
SELL,AUD/USD OTC,2025-11-17,0.65518,0,S60,1.0,0,0,0,forex
SELL,EUR/USD OTC,2025-11-17,1.12645,1,S60,1.0,0,0,0,forex
SELL,AUD/USD OTC,2025-11-17,0.65518,0,S60,1.0,0,0,0,forex
SELL,EUR/USD OTC,2025-11-17,1.12549,1,S60,1.0,0,0,0,forex
SELL,AUD/USD OTC,2025-11-17,0.65619,1,S60,1.0,0,0,0,forex
SELL,EUR/USD OTC,2025-11-17,1.12446,1,S60,1.0,0,0,0,forex
SELL,AUD/USD OTC,2025-11-17,0.65662,0,S60,1.0,0,0,0,forex
SELL,EUR/USD OTC,2025-11-17,1.12414,0,S60,1.0,0,0,0,forex
SELL,AUD/USD OTC,2025-11-17,0.65616,0,S60,1.0,0,0,0,forex
SELL,EUR/USD OTC,2025-11-17,1.12476,0,S60,1.0,0,0,0,forex
SELL,AUD/USD OTC,2025-11-17,0.65728,0,S60,1.0,0,0,0,forex
SELL,USD/MXN OTC,2025-11-17,17.8837,0,S60,1.0,0,0,0,forex
SELL,EUR/USD OTC,2025-11-17,1.12603,0,S60,1.0,0,0,0,forex
SELL,AUD/USD OTC,2025-11-17,0.65779,1,S60,1.0,0,0,0,forex
SELL,USD/MXN OTC,2025-11-17,17.9089,0,S60,1.0,0,0,0,forex
SELL,EUR/USD OTC,2025-11-17,1.1271,0,S60,1.0,0,0,0,forex
SELL,USD/MXN OTC,2025-11-17,17.9215,0,S60,1.0,0,0,0,forex
SELL,AUD/USD OTC,2025-11-17,0.65615,1,S60,1.0,0,0,0,forex
SELL,GBP/USD OTC,2025-11-17,1.35351,1,S60,1.0,0,0,0,forex
SELL,GBP/USD OTC,2025-11-17,1.35191,0,S60,1.0,0,0,0,forex
BUY,EUR/USD OTC,2025-11-17,1.12698,1,S60,1.0,0,0,0,forex
BUY,AUD/USD OTC,2025-11-17,0.65587,1,S60,1.0,0,0,0,forex
BUY,AUD/USD OTC,2025-11-17,0.65677,1,S60,1.0,0,0,0,forex
BUY,AUD/USD OTC,2025-11-17,0.65702,1,S60,1.0,0,0,0,forex
SELL,EUR/USD OTC,2025-11-17,1.12734,0,S60,1.0,0,0,0,forex
BUY,AUD/USD OTC,2025-11-17,0.65647,1,S60,1.0,0,0,0,forex
BUY,USD/JPY OTC,2025-11-17,152.534,0,S60,1.0,0,0,0,forex
BUY,USD/JPY OTC,2025-11-17,152.34,1,S60,1.0,0,0,0,forex
BUY,USD/JPY OTC,2025-11-17,152.506,0,S60,1.0,0,0,0,forex
BUY,USD/MXN OTC,2025-11-17,17.9642,0,S60,1.0,0,0,0,forex
BUY,USD/MXN OTC,2025-11-17,17.9578,0,S60,1.0,0,0,0,forex
BUY,USD/COP OTC,2025-11-17,3736.67,1,S60,1.0,0,0,0,forex
BUY,EUR/USD OTC,2025-11-17,1.12543,0,S60,1.0,0,0,0,forex
BUY,AUD/CAD OTC,2025-11-17,0.84412,1,S60,1.0,0,0,0,forex
SELL,USD/JPY OTC,2025-11-17,152.526,1,S60,1.0,0,0,0,forex
SELL,USD/JPY OTC,2025-11-17,152.454,1,S60,1.0,0,0,0,forex
SELL,USD/ARS OTC,2025-11-17,1206.57,1,S60,1.0,0,0,0,forex
SELL,USD/ARS OTC,2025-11-17,1206.59,0,S60,1.0,0,0,0,forex
SELL,USD/ARS OTC,2025-11-17,1207.5,1,S60,1.0,0,0,0,forex
BUY,AUD/USD OTC,2025-11-17,0.65716,0,S60,1.0,0,0,0,forex
SELL,AUD/CAD OTC,2025-11-17,0.83863,0,S60,1.0,0,0,0,forex
SELL,USD/CAD OTC,2025-11-17,1.43721,1,S60,1.0,0,0,0,forex
BUY,AUD/USD OTC,2025-11-17,0.65598,0,S60,1.0,0,0,0,forex
SELL,USD/MXN OTC,2025-11-17,17.8174,1,S60,1.0,0,0,0,forex
SELL,USD/MXN OTC,2025-11-17,17.7848,1,S60,1.0,0,0,0,forex
SELL,EUR/USD OTC,2025-11-17,1.12362,0,S60,1.0,0,0,0,forex
SELL,AUD/USD OTC,2025-11-17,0.65528,0,S60,1.0,0,0,0,forex
SELL,USD/COP OTC,2025-11-17,3726.1,1,S60,1.0,0,0,0,forex
SELL,USD/JPY OTC,2025-11-17,152.696,0,S60,1.0,0,0,0,forex
SELL,AUD/USD OTC,2025-11-17,0.65519,1,S60,1.0,0,0,0,forex
BUY,USD/ARS OTC,2025-11-17,1199.88,0,S60,1.0,0,0,0,forex
BUY,USD/COP OTC,2025-11-17,3736.89,0,S60,1.0,0,0,0,forex
BUY,USD/JPY OTC,2025-11-17,152.747,0,S60,1.0,0,0,0,forex
SELL,USD/ARS OTC,2025-11-17,1201.87,1,S60,1.0,0,0,0,forex
SELL,USD/ARS OTC,2025-11-17,1201.76,1,S60,1.0,0,0,0,forex
BUY,AUD/CAD OTC,2025-11-17,0.84224,1,S60,1.0,0,0,0,forex
SELL,USD/ARS OTC,2025-11-17,1202.33,1,S60,1.0,0,0,0,forex
SELL,USD/ARS OTC,2025-11-17,1202.11,1,S60,1.0,0,0,0,forex
SELL,AUD/CAD OTC,2025-11-17,0.84234,0,S60,1.0,0,0,0,forex
SELL,USD/COP OTC,2025-11-17,3737.14,1,S60,1.0,0,0,0,forex
SELL,USD/COP OTC,2025-11-17,3735.9,0,S60,1.0,0,0,0,forex
BUY,EUR/USD OTC,2025-11-17,1.12758,0,S60,1.0,0,0,0,forex
SELL,USD/ARS OTC,2025-11-17,1200.69,1,S60,1.0,0,0,0,forex
BUY,EUR/USD OTC,2025-11-17,1.1273,1,S60,1.0,0,0,0,forex
BUY,USD/CAD OTC,2025-11-17,1.44441,0,S60,1.0,0,0,0,forex
BUY,EUR/USD OTC,2025-11-17,1.12701,0,S60,1.0,0,0,0,forex
BUY,USD/MXN OTC,2025-11-17,18.123,1,S60,1.0,0,0,0,forex
BUY,EUR/USD OTC,2025-11-17,1.13607,1,S60,1.0,0,0,0,forex
BUY,EUR/USD OTC,2025-11-17,1.13672,0,S60,1.0,0,0,0,forex
BUY,EUR/USD OTC,2025-11-17,1.13614,0,S60,1.0,0,0,0,forex
BUY,EUR/USD OTC,2025-11-17,1.13591,1,S60,1.0,0,0,0,forex
BUY,USD/MXN OTC,2025-11-17,18.2082,0,S60,1.0,0,0,0,forex
BUY,EUR/USD OTC,2025-11-17,1.13657,0,S60,1.0,0,0,0,forex
BUY,USD/MXN OTC,2025-11-17,18.1461,1,S60,1.0,0,0,0,forex
SELL,GBP/USD OTC,2025-11-18,1.36269,0,S60,1.0,0,1,0,forex
SELL,GBP/USD OTC,2025-11-18,1.35506,0,S60,1.0,0,1,0,forex
BUY,USD/MXN OTC,2025-11-18,18.2082,0,S60,1.0,0,1,0,forex
SELL,AUD/USD OTC,2025-11-18,0.65799,1,S60,1.0,0,1,0,forex
BUY,EUR/USD OTC,2025-11-18,1.14161,0,S60,1.0,0,1,0,forex
BUY,EUR/USD OTC,2025-11-18,1.14131,0,S60,1.0,0,1,0,forex
BUY,EUR/USD OTC,2025-11-18,1.14044,1,S60,1.0,0,1,0,forex
BUY,EUR/USD OTC,2025-11-18,1.14026,0,S60,1.0,0,1,0,forex
SELL,GBP/USD OTC,2025-11-18,1.35216,0,S60,1.0,0,1,0,forex
SELL,GBP/USD OTC,2025-11-18,1.35433,0,S60,1.0,0,1,0,forex
SELL,GBP/USD OTC,2025-11-18,1.35499,1,S60,1.0,0,1,0,forex
BUY,EUR/USD OTC,2025-11-18,1.13994,0,S60,1.0,0,1,0,forex
SELL,GBP/USD OTC,2025-11-18,1.35343,1,S60,1.0,0,1,0,forex
BUY,USD/JPY OTC,2025-11-18,155.55,0,S60,1.0,0,1,0,forex
BUY,EUR/USD OTC,2025-11-18,1.136,0,S60,1.0,0,1,0,forex
BUY,EUR/USD OTC,2025-11-18,1.13431,1,S60,1.0,0,1,0,forex
SELL,GBP/USD OTC,2025-11-18,1.35183,1,S60,1.0,0,1,0,forex
SELL,GBP/USD OTC,2025-11-18,1.34949,1,S60,1.0,0,1,0,forex
SELL,GBP/USD OTC,2025-11-18,1.34924,0,S60,1.0,0,1,0,forex
BUY,AUD/CAD OTC,2025-11-18,0.89286,1,S60,1.0,0,1,0,forex
SELL,GBP/USD OTC,2025-11-18,1.3485,1,S60,1.0,0,1,0,forex
BUY,AUD/CAD OTC,2025-11-18,0.90037,0,S60,1.0,0,1,0,forex
BUY,USD/COP OTC,2025-11-18,3860.32,1,S60,1.0,0,1,0,forex
SELL,GBP/USD OTC,2025-11-18,1.34917,0,S60,1.0,0,1,0,forex
SELL,EUR/USD OTC,2025-11-18,1.13626,1,S60,1.0,0,1,0,forex
SELL,GBP/USD OTC,2025-11-18,1.35127,1,S60,1.0,0,1,0,forex
SELL,EUR/USD OTC,2025-11-18,1.13498,0,S60,1.0,0,1,0,forex
BUY,AUD/CAD OTC,2025-11-18,0.90187,0,S60,1.0,0,1,0,forex
SELL,EUR/USD OTC,2025-11-18,1.13628,1,S60,1.0,0,1,0,forex
SELL,EUR/USD OTC,2025-11-18,1.13569,0,S60,1.0,0,1,0,forex
BUY,AUD/CAD OTC,2025-11-18,0.9005,1,S60,1.0,0,1,0,forex
SELL,GBP/USD OTC,2025-11-18,1.35014,1,S60,1.0,0,1,0,forex
SELL,USD/CAD OTC,2025-11-18,1.43833,1,S60,1.0,0,1,0,forex
BUY,USD/JPY OTC,2025-11-18,155.695,1,S60,1.0,0,1,0,forex
SELL,GBP/USD OTC,2025-11-18,1.34635,1,S60,1.0,0,1,0,forex
SELL,GBP/USD OTC,2025-11-18,1.34572,1,S60,1.0,0,1,0,forex
SELL,GBP/USD OTC,2025-11-18,1.34226,0,S60,1.0,0,1,0,forex
SELL,USD/CAD OTC,2025-11-18,1.43421,1,S60,1.0,0,1,0,forex
BUY,AUD/CAD OTC,2025-11-18,0.89975,0,S60,1.0,0,1,0,forex
SELL,USD/COP OTC,2025-11-18,3822.3,1,S60,1.0,0,1,0,forex
BUY,AUD/CAD OTC,2025-11-18,0.8965,1,S60,1.0,0,1,0,forex
SELL,USD/ARS OTC,2025-11-18,1199.37,1,S60,1.0,0,1,0,forex
SELL,USD/COP OTC,2025-11-18,3827.25,0,S60,1.0,0,1,0,forex
SELL,USD/COP OTC,2025-11-18,3830.83,1,S60,1.0,0,1,0,forex
BUY,USD/MXN OTC,2025-11-18,18.5452,0,S60,1.0,0,1,0,forex
SELL,GBP/USD OTC,2025-11-18,1.34115,1,S60,1.0,0,1,0,forex
BUY,AUD/CAD OTC,2025-11-18,0.90107,0,S60,1.0,0,1,0,forex
BUY,USD/MXN OTC,2025-11-18,18.5616,1,S60,1.0,0,1,0,forex
SELL,USD/CAD OTC,2025-11-18,1.43283,1,S60,1.0,0,1,0,forex
SELL,USD/CAD OTC,2025-11-18,1.43284,0,S60,1.0,0,1,0,forex
SELL,USD/CAD OTC,2025-11-18,1.43356,0,S60,1.0,0,1,0,forex
SELL,USD/CAD OTC,2025-11-18,1.43448,1,S60,1.0,0,1,0,forex
SELL,USD/CAD OTC,2025-11-18,1.43445,0,S60,1.0,0,1,0,forex
SELL,USD/CAD OTC,2025-11-18,1.43427,0,S60,1.0,0,1,0,forex
SELL,GBP/USD OTC,2025-11-18,1.34046,1,S60,1.0,0,1,0,forex
BUY,USD/MXN OTC,2025-11-18,18.6635,1,S60,1.0,0,1,0,forex
BUY,EUR/USD OTC,2025-11-18,1.15474,0,S60,1.0,0,1,0,forex
BUY,EUR/USD OTC,2025-11-18,1.154,0,S60,1.0,0,1,0,forex
BUY,EUR/USD OTC,2025-11-18,1.15354,0,S60,1.0,0,1,0,forex
BUY,EUR/USD OTC,2025-11-18,1.15342,1,S60,1.0,0,1,0,forex
BUY,EUR/USD OTC,2025-11-18,1.15367,1,S60,1.0,0,1,0,forex
SELL,GBP/USD OTC,2025-11-18,1.34081,1,S60,1.0,0,1,0,forex
SELL,GBP/USD OTC,2025-11-18,1.33912,0,S60,1.0,0,1,0,forex
BUY,EUR/USD OTC,2025-11-18,1.1554,1,S60,1.0,0,1,0,forex
BUY,USD/MXN OTC,2025-11-18,18.7496,1,S60,1.0,0,1,0,forex
BUY,EUR/USD OTC,2025-11-18,1.15649,1,S60,1.0,0,1,0,forex
BUY,EUR/USD OTC,2025-11-18,1.15656,1,S60,1.0,0,1,0,forex
BUY,USD/MXN OTC,2025-11-18,18.7191,0,S60,1.0,0,1,0,forex
BUY,EUR/USD OTC,2025-11-18,1.15612,1,S60,1.0,0,1,0,forex
SELL,USD/COP OTC,2025-11-18,3798.88,0,S60,1.0,0,1,0,forex
SELL,GBP/USD OTC,2025-11-18,1.33393,1,S60,1.0,0,1,0,forex
BUY,AUD/CAD OTC,2025-11-18,0.90213,0,S60,1.0,0,1,0,forex
BUY,USD/MXN OTC,2025-11-18,18.576,0,S60,1.0,0,1,0,forex
BUY,USD/MXN OTC,2025-11-18,18.545,1,S60,1.0,0,1,0,forex
BUY,USD/MXN OTC,2025-11-18,18.5582,0,S60,1.0,0,1,0,forex
SELL,GBP/USD OTC,2025-11-18,1.33195,1,S60,1.0,0,1,0,forex
BUY,EUR/USD OTC,2025-11-18,1.15566,1,S60,1.0,0,1,0,forex
BUY,EUR/USD OTC,2025-11-18,1.15836,0,S60,1.0,0,1,0,forex
BUY,USD/JPY OTC,2025-11-18,156.34,1,S60,1.0,0,1,0,forex
BUY,AUD/USD OTC,2025-11-18,0.65906,1,S60,1.0,0,1,0,forex
SELL,USD/MXN OTC,2025-11-18,18.6773,0,S60,1.0,0,1,0,forex
SELL,GBP/USD OTC,2025-11-18,1.33532,1,S60,1.0,0,1,0,forex
SELL,USD/CAD OTC,2025-11-18,1.40038,1,S60,1.0,0,1,0,forex
SELL,USD/COP OTC,2025-11-18,3800.15,1,S60,1.0,0,1,0,forex
BUY,USD/JPY OTC,2025-11-18,156.254,0,S60,1.0,0,1,0,forex
BUY,USD/JPY OTC,2025-11-18,156.084,1,S60,1.0,0,1,0,forex
BUY,USD/JPY OTC,2025-11-18,156.126,1,S60,1.0,0,1,0,forex
SELL,USD/CAD OTC,2025-11-18,1.40239,1,S60,1.0,0,1,0,forex
SELL,GBP/USD OTC,2025-11-18,1.32856,0,S60,1.0,0,1,0,forex
SELL,USD/JPY OTC,2025-11-18,156.155,1,S60,1.0,0,1,0,forex
SELL,USD/JPY OTC,2025-11-18,156.138,1,S60,1.0,0,1,0,forex
SELL,USD/COP OTC,2025-11-18,3764.1,1,S60,1.0,0,1,0,forex
BUY,EUR/USD OTC,2025-11-18,1.166,0,S60,1.0,0,1,0,forex
SELL,GBP/USD OTC,2025-11-18,1.33162,0,S60,1.0,0,1,0,forex
SELL,USD/COP OTC,2025-11-18,3759.55,1,S60,1.0,0,1,0,forex
BUY,AUD/USD OTC,2025-11-18,0.66612,1,S60,1.0,0,1,0,forex
SELL,GBP/USD OTC,2025-11-18,1.33111,1,S60,1.0,0,1,0,forex
SELL,GBP/USD OTC,2025-11-18,1.32881,1,S60,1.0,0,1,0,forex
BUY,EUR/USD OTC,2025-11-19,1.16463,0,S60,1.0,0,2,0,forex
BUY,EUR/USD OTC,2025-11-19,1.16414,1,S60,1.0,0,2,0,forex
BUY,EUR/USD OTC,2025-11-19,1.1647,0,S60,1.0,0,2,0,forex
SELL,USD/JPY OTC,2025-11-19,155.135,1,S60,1.0,0,2,0,forex
BUY,AUD/USD OTC,2025-11-19,0.67107,1,S60,1.0,0,2,0,forex
SELL,USD/JPY OTC,2025-11-19,154.897,1,S60,1.0,0,2,0,forex
SELL,USD/JPY OTC,2025-11-19,154.903,1,S60,1.0,0,2,0,forex
SELL,USD/COP OTC,2025-11-19,3750.08,0,S60,1.0,0,2,0,forex
BUY,EUR/USD OTC,2025-11-19,1.16435,1,S60,1.0,0,2,0,forex
BUY,EUR/USD OTC,2025-11-19,1.16817,1,S60,1.0,0,2,0,forex
SELL,GBP/USD OTC,2025-11-19,1.32548,0,S60,1.0,0,2,0,forex
SELL,USD/MXN OTC,2025-11-19,17.989,0,S60,1.0,0,2,0,forex
SELL,USD/ARS OTC,2025-11-19,1184.36,0,S60,1.0,0,2,0,forex
SELL,GBP/USD OTC,2025-11-19,1.32631,1,S60,1.0,0,2,0,forex
SELL,USD/JPY OTC,2025-11-19,154.897,0,S60,1.0,0,2,0,forex
BUY,AUD/USD OTC,2025-11-19,0.66718,0,S60,1.0,0,2,0,forex
BUY,EUR/USD OTC,2025-11-19,1.16352,0,S60,1.0,0,2,0,forex
BUY,EUR/USD OTC,2025-11-19,1.16331,1,S60,1.0,0,2,0,forex
SELL,USD/MXN OTC,2025-11-19,18.1287,1,S60,1.0,0,2,0,forex
BUY,EUR/USD OTC,2025-11-19,1.16245,0,S60,1.0,0,2,0,forex
BUY,EUR/USD OTC,2025-11-19,1.16019,0,S60,1.0,0,2,0,forex
BUY,EUR/USD OTC,2025-11-19,1.1593,0,S60,1.0,0,2,0,forex
SELL,AUD/CAD OTC,2025-11-19,0.89152,0,S60,1.0,0,2,0,forex
SELL,USD/MXN OTC,2025-11-19,18.1021,1,S60,1.0,0,2,0,forex
SELL,USD/JPY OTC,2025-11-19,155.438,1,S60,1.0,0,2,0,forex
BUY,USD/JPY OTC,2025-11-19,155.393,0,S60,1.0,0,2,0,forex
SELL,AUD/CAD OTC,2025-11-19,0.90073,0,S60,1.0,0,2,0,forex
SELL,EUR/USD OTC,2025-11-19,1.15884,1,S60,1.0,0,2,0,forex
SELL,EUR/USD OTC,2025-11-19,1.15856,0,S60,1.0,0,2,0,forex
SELL,EUR/USD OTC,2025-11-19,1.15935,1,S60,1.0,0,2,0,forex
SELL,EUR/USD OTC,2025-11-19,1.15892,0,S60,1.0,0,2,0,forex
SELL,USD/ARS OTC,2025-11-19,1167.2,0,S60,1.0,0,2,0,forex
SELL,EUR/USD OTC,2025-11-19,1.15968,1,S60,1.0,0,2,0,forex
SELL,EUR/USD OTC,2025-11-19,1.16014,0,S60,1.0,0,2,0,forex
SELL,EUR/USD OTC,2025-11-19,1.16092,0,S60,1.0,0,2,0,forex
SELL,EUR/USD OTC,2025-11-19,1.16147,0,S60,1.0,0,2,0,forex
SELL,EUR/USD OTC,2025-11-19,1.16232,0,S60,1.0,0,2,0,forex
SELL,USD/ARS OTC,2025-11-19,1166.66,1,S60,1.0,0,2,0,forex
SELL,EUR/USD OTC,2025-11-19,1.16375,1,S60,1.0,0,2,0,forex
SELL,EUR/USD OTC,2025-11-19,1.16218,0,S60,1.0,0,2,0,forex
SELL,EUR/USD OTC,2025-11-19,1.16336,1,S60,1.0,0,2,0,forex
SELL,EUR/USD OTC,2025-11-19,1.16242,1,S60,1.0,0,2,0,forex
SELL,EUR/USD OTC,2025-11-19,1.16227,0,S60,1.0,0,2,0,forex
SELL,USD/ARS OTC,2025-11-19,1167.9,1,S60,1.0,0,2,0,forex
BUY,AUD/CAD OTC,2025-11-19,0.90972,1,S60,1.0,0,2,0,forex
SELL,GBP/USD OTC,2025-11-19,1.30929,0,S60,1.0,0,2,0,forex
SELL,GBP/USD OTC,2025-11-19,1.30943,1,S60,1.0,0,2,0,forex
BUY,AUD/CAD OTC,2025-11-19,0.90497,0,S60,1.0,0,2,0,forex
SELL,GBP/USD OTC,2025-11-19,1.30665,0,S60,1.0,0,2,0,forex
SELL,GBP/USD OTC,2025-11-19,1.30608,0,S60,1.0,0,2,0,forex
SELL,GBP/USD OTC,2025-11-19,1.30672,1,S60,1.0,0,2,0,forex
SELL,GBP/USD OTC,2025-11-19,1.30546,1,S60,1.0,0,2,0,forex
SELL,USD/ARS OTC,2025-11-19,1171.24,0,S60,1.0,0,2,0,forex
SELL,GBP/USD OTC,2025-11-19,1.30169,1,S60,1.0,0,2,0,forex
BUY,EUR/USD OTC,2025-11-19,1.16188,0,S60,1.0,0,2,0,forex
SELL,GBP/USD OTC,2025-11-19,1.30059,1,S60,1.0,0,2,0,forex
SELL,USD/COP OTC,2025-11-19,3726.48,0,S60,1.0,0,2,0,forex
BUY,EUR/USD OTC,2025-11-19,1.15843,1,S60,1.0,0,2,0,forex
SELL,GBP/USD OTC,2025-11-19,1.29783,1,S60,1.0,0,2,0,forex
SELL,GBP/USD OTC,2025-11-19,1.29722,1,S60,1.0,0,2,0,forex
BUY,USD/JPY OTC,2025-11-19,155.778,0,S60,1.0,0,2,0,forex
SELL,GBP/USD OTC,2025-11-19,1.29659,0,S60,1.0,0,2,0,forex
SELL,GBP/USD OTC,2025-11-19,1.29841,0,S60,1.0,0,2,0,forex
SELL,USD/COP OTC,2025-11-19,3732.58,1,S60,1.0,0,2,0,forex
SELL,GBP/USD OTC,2025-11-19,1.30535,1,S60,1.0,0,2,0,forex
SELL,GBP/USD OTC,2025-11-19,1.30277,1,S60,1.0,0,2,0,forex
BUY,USD/CAD OTC,2025-11-19,1.40976,0,S60,1.0,0,2,0,forex
SELL,EUR/USD OTC,2025-11-19,1.15572,1,S60,1.0,0,2,0,forex
SELL,EUR/USD OTC,2025-11-19,1.15443,1,S60,1.0,0,2,0,forex
BUY,USD/MXN OTC,2025-11-19,18.2599,1,S60,1.0,0,2,0,forex
SELL,EUR/USD OTC,2025-11-19,1.15406,0,S60,1.0,0,2,0,forex
SELL,GBP/USD OTC,2025-11-19,1.29769,1,S60,1.0,0,2,0,forex
SELL,EUR/USD OTC,2025-11-19,1.15424,0,S60,1.0,0,2,0,forex
SELL,EUR/USD OTC,2025-11-19,1.15469,1,S60,1.0,0,2,0,forex
SELL,EUR/USD OTC,2025-11-19,1.15407,1,S60,1.0,0,2,0,forex
SELL,EUR/USD OTC,2025-11-19,1.15333,1,S60,1.0,0,2,0,forex
SELL,USD/CAD OTC,2025-11-19,1.40692,1,S60,1.0,0,2,0,forex
SELL,EUR/USD OTC,2025-11-19,1.15257,0,S60,1.0,0,2,0,forex
SELL,EUR/USD OTC,2025-11-19,1.15452,1,S60,1.0,0,2,0,forex
SELL,EUR/USD OTC,2025-11-19,1.1543,1,S60,1.0,0,2,0,forex
SELL,EUR/USD OTC,2025-11-19,1.15417,0,S60,1.0,0,2,0,forex
SELL,EUR/USD OTC,2025-11-19,1.1558,0,S60,1.0,0,2,0,forex
SELL,EUR/USD OTC,2025-11-19,1.15476,0,S60,1.0,0,2,0,forex
SELL,EUR/USD OTC,2025-11-19,1.15598,1,S60,1.0,0,2,0,forex
SELL,EUR/USD OTC,2025-11-19,1.15483,0,S60,1.0,0,2,0,forex
BUY,USD/COP OTC,2025-11-19,3749.67,0,S60,1.0,0,2,0,forex
BUY,USD/JPY OTC,2025-11-19,156.252,0,S60,1.0,0,2,0,forex
BUY,USD/MXN OTC,2025-11-19,18.2984,0,S60,1.0,0,2,0,forex
BUY,USD/JPY OTC,2025-11-19,156.302,1,S60,1.0,0,2,0,forex
BUY,USD/MXN OTC,2025-11-19,18.2774,1,S60,1.0,0,2,0,forex
SELL,GBP/USD OTC,2025-11-19,1.30064,1,S60,1.0,0,2,0,forex
SELL,GBP/USD OTC,2025-11-19,1.30002,0,S60,1.0,0,2,0,forex
SELL,EUR/USD OTC,2025-11-19,1.15698,1,S60,1.0,0,2,0,forex
BUY,USD/COP OTC,2025-11-19,3752.52,1,S60,1.0,0,2,0,forex
SELL,EUR/USD OTC,2025-11-19,1.15509,0,S60,1.0,0,2,0,forex
SELL,USD/CAD OTC,2025-11-19,1.40128,0,S60,1.0,0,2,0,forex
BUY,USD/JPY OTC,2025-11-19,156.953,1,S60,1.0,0,2,0,forex
BUY,USD/JPY OTC,2025-11-19,156.966,1,S60,1.0,0,2,0,forex
SELL,USD/CAD OTC,2025-11-19,1.4032,1,S60,1.0,0,2,0,forex
SELL,AUD/CAD OTC,2025-11-19,0.88507,1,S60,1.0,0,2,0,forex
SELL,AUD/CAD OTC,2025-11-19,0.88407,1,S60,1.0,0,2,0,forex
BUY,USD/JPY OTC,2025-11-19,157.157,0,S60,1.0,0,2,0,forex
BUY,USD/JPY OTC,2025-11-19,157.11,0,S60,1.0,0,2,0,forex
SELL,AUD/CAD OTC,2025-11-20,0.88599,1,S60,1.0,0,3,0,forex
SELL,AUD/CAD OTC,2025-11-20,0.88558,1,S60,1.0,0,3,0,forex
BUY,USD/JPY OTC,2025-11-20,156.999,1,S60,1.0,0,3,0,forex
SELL,AUD/CAD OTC,2025-11-20,0.88498,1,S60,1.0,0,3,0,forex
BUY,USD/JPY OTC,2025-11-20,156.965,1,S60,1.0,0,3,0,forex
BUY,USD/JPY OTC,2025-11-20,156.93,1,S60,1.0,0,3,0,forex
SELL,AUD/CAD OTC,2025-11-20,0.88874,1,S60,1.0,0,3,0,forex
BUY,USD/JPY OTC,2025-11-20,156.802,1,S60,1.0,0,3,0,forex
BUY,USD/JPY OTC,2025-11-20,156.815,0,S60,1.0,0,3,0,forex
BUY,USD/JPY OTC,2025-11-20,156.748,1,S60,1.0,0,3,0,forex
BUY,EUR/USD OTC,2025-11-20,1.15421,0,S60,1.0,0,3,0,forex
BUY,EUR/USD OTC,2025-11-20,1.15409,1,S60,1.0,0,3,0,forex
BUY,EUR/USD OTC,2025-11-20,1.15402,0,S60,1.0,0,3,0,forex
SELL,GBP/USD OTC,2025-11-20,1.29556,1,S60,1.0,0,3,0,forex
SELL,USD/ARS OTC,2025-11-20,1167.35,0,S60,1.0,0,3,0,forex
BUY,EUR/USD OTC,2025-11-20,1.15363,0,S60,1.0,0,3,0,forex
BUY,USD/JPY OTC,2025-11-20,156.799,1,S60,1.0,0,3,0,forex
SELL,GBP/USD OTC,2025-11-20,1.29402,1,S60,1.0,0,3,0,forex
BUY,AUD/USD OTC,2025-11-20,0.67251,0,S60,1.0,0,3,0,forex
BUY,USD/JPY OTC,2025-11-20,156.786,0,S60,1.0,0,3,0,forex
BUY,AUD/USD OTC,2025-11-20,0.67249,1,S60,1.0,0,3,0,forex
BUY,AUD/USD OTC,2025-11-20,0.67304,0,S60,1.0,0,3,0,forex
SELL,EUR/USD OTC,2025-11-20,1.15388,0,S60,1.0,0,3,0,forex
SELL,GBP/USD OTC,2025-11-20,1.2913,1,S60,1.0,0,3,0,forex
BUY,AUD/USD OTC,2025-11-20,0.66962,0,S60,1.0,0,3,0,forex
BUY,AUD/USD OTC,2025-11-20,0.66923,0,S60,1.0,0,3,0,forex
SELL,AUD/CAD OTC,2025-11-20,0.87222,1,S60,1.0,0,3,0,forex
SELL,GBP/USD OTC,2025-11-20,1.2961,1,S60,1.0,0,3,0,forex
SELL,AUD/CAD OTC,2025-11-20,0.87022,1,S60,1.0,0,3,0,forex
SELL,AUD/CAD OTC,2025-11-20,0.86771,1,S60,1.0,0,3,0,forex
SELL,AUD/CAD OTC,2025-11-20,0.86485,1,S60,1.0,0,3,0,forex
SELL,GBP/USD OTC,2025-11-20,1.29536,1,S60,1.0,0,3,0,forex
SELL,USD/JPY OTC,2025-11-20,156.465,1,S60,1.0,0,3,0,forex
BUY,USD/ARS OTC,2025-11-20,1169.94,0,S60,1.0,0,3,0,forex
BUY,USD/COP OTC,2025-11-20,3767.96,1,S60,1.0,0,3,0,forex
BUY,GBP/USD OTC,2025-11-20,1.29402,1,S60,1.0,0,3,0,forex
BUY,GBP/USD OTC,2025-11-20,1.2946,0,S60,1.0,0,3,0,forex
SELL,USD/JPY OTC,2025-11-20,156.684,0,S60,1.0,0,3,0,forex
SELL,USD/JPY OTC,2025-11-20,156.809,1,S60,1.0,0,3,0,forex
SELL,USD/JPY OTC,2025-11-20,156.76,0,S60,1.0,0,3,0,forex
SELL,AUD/CAD OTC,2025-11-20,0.8583,1,S60,1.0,0,3,0,forex
SELL,AUD/CAD OTC,2025-11-20,0.85526,1,S60,1.0,0,3,0,forex
SELL,USD/CAD OTC,2025-11-20,1.39793,0,S60,1.0,0,3,0,forex
SELL,AUD/CAD OTC,2025-11-20,0.85268,0,S60,1.0,0,3,0,forex
SELL,AUD/CAD OTC,2025-11-20,0.85306,0,S60,1.0,0,3,0,forex
BUY,USD/JPY OTC,2025-11-20,157.205,0,S60,1.0,0,3,0,forex
SELL,AUD/CAD OTC,2025-11-20,0.85873,0,S60,1.0,0,3,0,forex
SELL,AUD/CAD OTC,2025-11-20,0.86524,0,S60,1.0,0,3,0,forex
SELL,EUR/USD OTC,2025-11-20,1.15534,1,S60,1.0,0,3,0,forex
SELL,EUR/USD OTC,2025-11-20,1.15458,0,S60,1.0,0,3,0,forex
SELL,AUD/CAD OTC,2025-11-20,0.86661,1,S60,1.0,0,3,0,forex
BUY,USD/JPY OTC,2025-11-20,157.127,0,S60,1.0,0,3,0,forex
SELL,GBP/USD OTC,2025-11-20,1.28474,0,S60,1.0,0,3,0,forex
BUY,USD/JPY OTC,2025-11-20,157.168,1,S60,1.0,0,3,0,forex
SELL,AUD/CAD OTC,2025-11-20,0.86684,0,S60,1.0,0,3,0,forex
BUY,USD/JPY OTC,2025-11-20,157.574,0,S60,1.0,0,3,0,forex
BUY,USD/JPY OTC,2025-11-20,157.398,0,S60,1.0,0,3,0,forex
BUY,USD/JPY OTC,2025-11-20,157.313,1,S60,1.0,0,3,0,forex
BUY,USD/JPY OTC,2025-11-20,157.558,0,S60,1.0,0,3,0,forex
SELL,GBP/USD OTC,2025-11-20,1.2824,0,S60,1.0,0,3,0,forex
BUY,EUR/USD OTC,2025-11-20,1.15716,1,S60,1.0,0,3,0,forex
SELL,GBP/USD OTC,2025-11-20,1.28111,1,S60,1.0,0,3,0,forex
SELL,GBP/USD OTC,2025-11-20,1.27837,0,S60,1.0,0,3,0,forex
BUY,USD/JPY OTC,2025-11-20,157.363,1,S60,1.0,0,3,0,forex
SELL,GBP/USD OTC,2025-11-20,1.27596,1,S60,1.0,0,3,0,forex
BUY,EUR/USD OTC,2025-11-20,1.15609,0,S60,1.0,0,3,0,forex
SELL,USD/ARS OTC,2025-11-20,1171.86,1,S60,1.0,0,3,0,forex
BUY,USD/JPY OTC,2025-11-20,157.882,1,S60,1.0,0,3,0,forex
SELL,AUD/USD OTC,2025-11-20,0.66979,1,S60,1.0,0,3,0,forex
SELL,GBP/USD OTC,2025-11-20,1.27197,0,S60,1.0,0,3,0,forex
BUY,USD/ARS OTC,2025-11-20,1176.48,0,S60,1.0,0,3,0,forex
BUY,USD/MXN OTC,2025-11-20,18.7065,0,S60,1.0,0,3,0,forex
BUY,USD/CAD OTC,2025-11-20,1.40762,1,S60,1.0,0,3,0,forex
BUY,USD/CAD OTC,2025-11-21,1.40844,1,S60,1.0,0,4,0,forex
BUY,AUD/CAD OTC,2025-11-21,0.87934,0,S60,1.0,0,4,0,forex
BUY,USD/CAD OTC,2025-11-21,1.40762,1,S60,1.0,0,4,0,forex
BUY,USD/CAD OTC,2025-11-21,1.40755,1,S60,1.0,0,4,0,forex
BUY,USD/JPY OTC,2025-11-21,158.411,0,S60,1.0,0,4,0,forex
SELL,EUR/USD OTC,2025-11-21,1.15108,1,S60,1.0,0,4,0,forex
SELL,EUR/USD OTC,2025-11-21,1.15025,0,S60,1.0,0,4,0,forex
SELL,EUR/USD OTC,2025-11-21,1.15024,1,S60,1.0,0,4,0,forex
SELL,EUR/USD OTC,2025-11-21,1.14995,0,S60,1.0,0,4,0,forex
